# Lagrangian Shock Diagnostics
# Jones et al. (2018) Ta validation
# Col 1: time (s)
# Col 2: free-surface velocity (m/s)
# Col 3: max pressure (Pa)
# Col 4: min pressure (Pa)
# Col 5: timestep (s)
1.00000000e-09  0.00000000e+00  6.85426486e+08  0.00000000e+00  1.00000000e-09
2.00000000e-09  0.00000000e+00  1.31907690e+09  0.00000000e+00  1.00000000e-09
3.00000000e-09  0.00000000e+00  1.89981724e+09  0.00000000e+00  1.00000000e-09
4.00000000e-09  0.00000000e+00  2.42744854e+09  0.00000000e+00  1.00000000e-09
5.00000000e-09  0.00000000e+00  2.90258765e+09  0.00000000e+00  1.00000000e-09
6.00000000e-09  0.00000000e+00  3.32654647e+09  0.00000000e+00  1.00000000e-09
7.00000000e-09  0.00000000e+00  3.70121419e+09  0.00000000e+00  1.00000000e-09
8.00000000e-09  0.00000000e+00  4.02894505e+09  0.00000000e+00  1.00000000e-09
9.00000000e-09  0.00000000e+00  4.31245353e+09  0.00000000e+00  1.00000000e-09
1.00000000e-08  0.00000000e+00  4.55471794e+09  0.00000000e+00  1.00000000e-09
1.10000000e-08  0.00000000e+00  4.75889336e+09  0.00000000e+00  1.00000000e-09
1.20000000e-08  0.00000000e+00  4.92823416e+09  0.00000000e+00  1.00000000e-09
1.30000000e-08  0.00000000e+00  5.06602631e+09  0.00000000e+00  1.00000000e-09
1.40000000e-08  0.00000000e+00  5.17552934e+09  0.00000000e+00  1.00000000e-09
1.50000000e-08  0.00000000e+00  5.25992782e+09  0.00000000e+00  1.00000000e-09
1.60000000e-08  0.00000000e+00  5.32229185e+09  0.00000000e+00  1.00000000e-09
1.70000000e-08  0.00000000e+00  5.36554561e+09  0.00000000e+00  1.00000000e-09
1.80000000e-08  0.00000000e+00  5.39244320e+09  0.00000000e+00  1.00000000e-09
1.90000000e-08  0.00000000e+00  5.40555109e+09  0.00000000e+00  1.00000000e-09
2.00000000e-08  0.00000000e+00  5.40723653e+09  0.00000000e+00  1.00000000e-09
2.10000000e-08  0.00000000e+00  5.39942777e+09  0.00000000e+00  1.00000000e-09
2.20000000e-08  0.00000000e+00  5.38355057e+09  0.00000000e+00  1.00000000e-09
2.30000000e-08  1.47186255e-70  5.36098649e+09  -1.38213039e-138  1.00000000e-09
2.40000000e-08  2.87439725e-68  5.33305773e+09  -1.38213039e-138  1.00000000e-09
2.50000000e-08  1.91072329e-66  5.30101610e+09  -1.38213039e-138  1.00000000e-09
2.60000000e-08  6.91824659e-65  5.26603388e+09  -1.08084695e-140  1.00000000e-09
2.70000000e-08  1.66114430e-63  5.22919659e+09  -9.46460481e-141  1.00000000e-09
2.80000000e-08  2.94247532e-62  5.19149759e+09  -1.07088287e-140  1.00000000e-09
2.90000000e-08  4.10501768e-61  5.15383436e+09  -2.06998528e-143  1.00000000e-09
3.00000000e-08  4.71487700e-60  5.11700639e+09  -1.02165478e-141  1.00000000e-09
3.10000000e-08  4.60344290e-59  5.08171455e+09  -1.02165478e-141  1.00000000e-09
3.20000000e-08  3.91275876e-58  5.04856179e+09  -3.20844329e-141  1.00000000e-09
3.30000000e-08  2.94830711e-57  5.01805499e+09  -6.43646532e-141  1.00000000e-09
3.40000000e-08  1.99809861e-56  4.99060792e+09  1.85770555e-106  1.00000000e-09
3.50000000e-08  1.23241431e-55  4.96654508e+09  6.52546692e-105  1.00000000e-09
3.60000000e-08  6.98767993e-55  4.98415026e+09  1.94795427e-103  1.00000000e-09
3.70000000e-08  3.67345435e-54  5.01781722e+09  5.02438830e-102  1.00000000e-09
3.80000000e-08  1.80381700e-53  5.04524230e+09  1.13579665e-100  1.00000000e-09
3.90000000e-08  8.32593024e-53  5.06695837e+09  2.27760648e-99  1.00000000e-09
4.00000000e-08  3.63186032e-52  5.08350435e+09  4.09310776e-98  1.00000000e-09
4.10000000e-08  1.50404624e-51  5.09541967e+09  6.64931035e-97  1.00000000e-09
4.20000000e-08  5.93628503e-51  5.10325805e+09  9.83662454e-96  1.00000000e-09
4.30000000e-08  2.24047301e-50  5.10765410e+09  1.33359196e-94  1.00000000e-09
4.40000000e-08  8.10966536e-50  5.10920187e+09  1.66624111e-93  1.00000000e-09
4.50000000e-08  2.82248875e-49  5.10845475e+09  1.92829219e-92  1.00000000e-09
4.60000000e-08  9.46779674e-49  5.10580704e+09  2.07643470e-91  1.00000000e-09
4.70000000e-08  3.06753890e-48  5.10163438e+09  2.08934406e-90  1.00000000e-09
4.80000000e-08  9.61885937e-48  5.09630486e+09  1.97221880e-89  1.00000000e-09
4.90000000e-08  2.92454992e-47  5.09017490e+09  1.75287352e-88  1.00000000e-09
5.00000000e-08  8.63684412e-47  5.08358568e+09  1.47195335e-87  1.00000000e-09
5.10000000e-08  2.48155078e-46  5.07685991e+09  1.17162372e-86  1.00000000e-09
5.20000000e-08  6.94750547e-46  5.07029929e+09  8.86626805e-86  1.00000000e-09
5.30000000e-08  1.89798217e-45  5.07032858e+09  6.39683265e-85  1.00000000e-09
5.40000000e-08  5.06625879e-45  5.09162330e+09  4.41143913e-84  1.00000000e-09
5.50000000e-08  1.32295710e-44  5.11305412e+09  2.91487665e-83  1.00000000e-09
5.60000000e-08  3.38344676e-44  5.13449722e+09  1.84945533e-82  1.00000000e-09
5.70000000e-08  8.48374069e-44  5.15585823e+09  1.12914982e-81  1.00000000e-09
5.80000000e-08  2.08767697e-43  5.17706920e+09  6.64659366e-81  1.00000000e-09
5.90000000e-08  5.04661819e-43  5.19809126e+09  3.77926582e-80  1.00000000e-09
6.00000000e-08  1.19948672e-42  5.21898162e+09  2.07953323e-79  1.00000000e-09
6.10000000e-08  2.80561978e-42  5.23975651e+09  1.10925134e-78  1.00000000e-09
6.20000000e-08  6.46343636e-42  5.26036154e+09  5.74533642e-78  1.00000000e-09
6.30000000e-08  1.46771529e-41  5.28068238e+09  2.89394681e-77  1.00000000e-09
6.40000000e-08  3.28762537e-41  5.30057069e+09  1.41960858e-76  1.00000000e-09
6.50000000e-08  7.26903480e-41  5.31986146e+09  6.79053192e-76  1.00000000e-09
6.60000000e-08  1.58740854e-40  5.33838326e+09  3.17095687e-75  1.00000000e-09
6.70000000e-08  3.42573637e-40  5.35596467e+09  1.44699015e-74  1.00000000e-09
6.80000000e-08  7.30940059e-40  5.37244062e+09  6.45824774e-74  1.00000000e-09
6.90000000e-08  1.54261363e-39  5.38766085e+09  2.82147105e-73  1.00000000e-09
7.00000000e-08  3.22138618e-39  5.40150399e+09  1.20737753e-72  1.00000000e-09
7.10000000e-08  6.65856788e-39  5.41391150e+09  5.06375584e-72  1.00000000e-09
7.20000000e-08  1.36268315e-38  5.42491702e+09  2.08250000e-71  1.00000000e-09
7.30000000e-08  2.76179881e-38  5.43462590e+09  8.40175418e-71  1.00000000e-09
7.40000000e-08  5.54453887e-38  5.44318092e+09  3.32654865e-70  1.00000000e-09
7.50000000e-08  1.10280216e-37  5.45073927e+09  1.29302663e-69  1.00000000e-09
7.60000000e-08  2.17352514e-37  5.45745830e+09  4.93578202e-69  1.00000000e-09
7.70000000e-08  4.24561851e-37  5.46348709e+09  1.85092717e-68  1.00000000e-09
7.80000000e-08  8.22060062e-37  5.46896112e+09  6.82135584e-68  1.00000000e-09
7.90000000e-08  1.57810398e-36  5.47399879e+09  2.47162022e-67  1.00000000e-09
8.00000000e-08  3.00419803e-36  5.47869930e+09  8.80895125e-67  1.00000000e-09
8.10000000e-08  5.67260384e-36  5.48314197e+09  3.08971460e-66  1.00000000e-09
8.20000000e-08  1.06268656e-35  5.48738700e+09  1.06708391e-65  1.00000000e-09
8.30000000e-08  1.97565147e-35  5.49147815e+09  3.63083663e-65  1.00000000e-09
8.40000000e-08  3.64597884e-35  5.49544629e+09  1.21782353e-64  1.00000000e-09
8.50000000e-08  6.68085638e-35  5.49931264e+09  4.02870210e-64  1.00000000e-09
8.60000000e-08  1.21583849e-34  5.50309122e+09  1.31513023e-63  1.00000000e-09
8.70000000e-08  2.19811610e-34  5.50679065e+09  4.23835436e-63  1.00000000e-09
8.80000000e-08  3.94869616e-34  5.51041563e+09  1.34906753e-62  1.00000000e-09
8.90000000e-08  7.04975423e-34  5.51396802e+09  4.24269752e-62  1.00000000e-09
9.00000000e-08  1.25109891e-33  5.51744773e+09  1.31876916e-61  1.00000000e-09
9.10000000e-08  2.20738973e-33  5.52085337e+09  4.05270761e-61  1.00000000e-09
9.20000000e-08  3.87259193e-33  5.52418270e+09  1.23166320e-60  1.00000000e-09
9.30000000e-08  6.75647964e-33  5.52743290e+09  3.70273264e-60  1.00000000e-09
9.40000000e-08  1.17244517e-32  5.53060079e+09  1.10140241e-59  1.00000000e-09
9.50000000e-08  2.02382520e-32  5.53368300e+09  3.24242583e-59  1.00000000e-09
9.60000000e-08  3.47548392e-32  5.53667610e+09  9.44930067e-59  1.00000000e-09
9.70000000e-08  5.93843130e-32  5.53957681e+09  2.72671199e-58  1.00000000e-09
9.80000000e-08  1.00970455e-31  5.54238211e+09  7.79281042e-58  1.00000000e-09
9.90000000e-08  1.70858027e-31  5.54508943e+09  2.20633743e-57  1.00000000e-09
1.00000000e-07  2.87771885e-31  5.54769670e+09  6.18990398e-57  1.00000000e-09
1.01000000e-07  4.82489826e-31  5.55020247e+09  1.72125716e-56  1.00000000e-09
1.02000000e-07  8.05400719e-31  5.55260595e+09  4.74547875e-56  1.00000000e-09
1.03000000e-07  1.33869216e-30  5.55490706e+09  1.29753610e-55  1.00000000e-09
1.04000000e-07  2.21594984e-30  5.55710642e+09  3.51972597e-55  1.00000000e-09
1.05000000e-07  3.65359407e-30  5.55920532e+09  9.47551545e-55  1.00000000e-09
1.06000000e-07  6.00116753e-30  5.56120572e+09  2.53255103e-54  1.00000000e-09
1.07000000e-07  9.82154810e-30  5.56311015e+09  6.72238410e-54  1.00000000e-09
1.08000000e-07  1.60185066e-29  5.56492170e+09  1.77267140e-53  1.00000000e-09
1.09000000e-07  2.60389108e-29  5.56664386e+09  4.64491261e-53  1.00000000e-09
1.10000000e-07  4.21921790e-29  5.56828052e+09  1.20961129e-52  1.00000000e-09
1.11000000e-07  6.81530902e-29  5.56983586e+09  3.13093339e-52  1.00000000e-09
1.12000000e-07  1.09749879e-28  5.57131424e+09  8.05498897e-52  1.00000000e-09
1.13000000e-07  1.76193850e-28  5.57272017e+09  2.05960792e-51  1.00000000e-09
1.14000000e-07  2.81988930e-28  5.57405823e+09  5.23316865e-51  1.00000000e-09
1.15000000e-07  4.49883629e-28  5.57533299e+09  1.32103669e-50  1.00000000e-09
1.16000000e-07  7.15414420e-28  5.57654894e+09  3.31233892e-50  1.00000000e-09
1.17000000e-07  1.13386815e-27  5.57771050e+09  8.24757636e-50  1.00000000e-09
1.18000000e-07  1.79090762e-27  5.57882192e+09  2.03894252e-49  1.00000000e-09
1.19000000e-07  2.81873417e-27  5.57988726e+09  5.00396128e-49  1.00000000e-09
1.20000000e-07  4.42062268e-27  5.58091039e+09  1.21910899e-48  1.00000000e-09
1.21000000e-07  6.90813252e-27  5.58189493e+09  2.94877725e-48  1.00000000e-09
1.22000000e-07  1.07575178e-26  5.58284426e+09  7.08320259e-48  1.00000000e-09
1.23000000e-07  1.66951673e-26  5.58376151e+09  1.69035402e-47  1.00000000e-09
1.24000000e-07  2.58268472e-26  5.58464953e+09  4.00951808e-47  1.00000000e-09
1.25000000e-07  3.98330214e-26  5.58551093e+09  9.45792906e-47  1.00000000e-09
1.26000000e-07  6.12639538e-26  5.58634806e+09  2.21982659e-46  1.00000000e-09
1.27000000e-07  9.39854847e-26  5.58716302e+09  5.18668714e-46  1.00000000e-09
1.28000000e-07  1.43851649e-25  5.58795769e+09  1.20704081e-45  1.00000000e-09
1.29000000e-07  2.19716546e-25  5.58873370e+09  2.79888902e-45  1.00000000e-09
1.30000000e-07  3.34950206e-25  5.58949249e+09  6.46824850e-45  1.00000000e-09
1.31000000e-07  5.09702439e-25  5.59023531e+09  1.48992302e-44  1.00000000e-09
1.32000000e-07  7.74279529e-25  5.59096323e+09  3.42067764e-44  1.00000000e-09
1.33000000e-07  1.17417791e-24  5.59167715e+09  7.82729344e-44  1.00000000e-09
1.34000000e-07  1.77757482e-24  5.59237785e+09  1.78500438e-43  1.00000000e-09
1.35000000e-07  2.68642720e-24  5.59306597e+09  4.05653842e-43  1.00000000e-09
1.36000000e-07  4.05281600e-24  5.59374206e+09  9.18510240e-43  1.00000000e-09
1.37000000e-07  6.10294101e-24  5.59440656e+09  2.07167220e-42  1.00000000e-09
1.38000000e-07  9.17239218e-24  5.59505983e+09  4.65348410e-42  1.00000000e-09
1.39000000e-07  1.37581052e-23  5.59570220e+09  1.04092858e-41  1.00000000e-09
1.40000000e-07  2.05948334e-23  5.59633391e+09  2.31883576e-41  1.00000000e-09
1.41000000e-07  3.07671001e-23  5.59695519e+09  5.14468758e-41  1.00000000e-09
1.42000000e-07  4.58715022e-23  5.59756621e+09  1.13675918e-40  1.00000000e-09
1.43000000e-07  6.82500693e-23  5.59816715e+09  2.50096318e-40  1.00000000e-09
1.44000000e-07  1.01328093e-22  5.59875815e+09  5.47759246e-40  1.00000000e-09
1.45000000e-07  1.50108574e-22  5.59933937e+09  1.19434465e-39  1.00000000e-09
1.46000000e-07  2.21898042e-22  5.59991094e+09  2.59335648e-39  1.00000000e-09
1.47000000e-07  3.27364404e-22  5.60047301e+09  5.61011239e-39  1.00000000e-09
1.48000000e-07  4.82056115e-22  5.60102573e+09  1.20939307e-38  1.00000000e-09
1.49000000e-07  7.08550421e-22  5.60156925e+09  2.59791164e-38  1.00000000e-09
1.50000000e-07  1.03955732e-21  5.60210374e+09  5.56075137e-38  1.00000000e-09
1.51000000e-07  1.52254776e-21  5.60262938e+09  1.18653692e-37  1.00000000e-09
1.52000000e-07  2.22664497e-21  5.60314634e+09  2.52604023e-37  1.00000000e-09
1.53000000e-07  3.25266640e-21  5.60365482e+09  5.37006111e-37  1.00000000e-09
1.54000000e-07  4.74733189e-21  5.60415502e+09  1.14030755e-36  1.00000000e-09
1.55000000e-07  6.92277406e-21  5.60464716e+09  2.41724803e-36  1.00000000e-09
1.56000000e-07  1.00843846e-20  5.60513144e+09  5.11257325e-36  1.00000000e-09
1.57000000e-07  1.46748227e-20  5.60560808e+09  1.07946366e-35  1.00000000e-09
1.58000000e-07  2.13409667e-20  5.60607732e+09  2.27831542e-35  1.00000000e-09
1.59000000e-07  3.10299609e-20  5.60653937e+09  4.81199907e-35  1.00000000e-09
1.60000000e-07  4.51200266e-20  5.60699447e+09  1.01684459e-34  1.00000000e-09
1.61000000e-07  6.55913110e-20  5.60744284e+09  2.14580732e-34  1.00000000e-09
1.62000000e-07  9.52420899e-20  5.60788470e+09  4.50838118e-34  1.00000000e-09
1.63000000e-07  1.38006437e-19  5.60832027e+09  9.41330057e-34  1.00000000e-09
1.64000000e-07  1.99488999e-19  5.60874977e+09  1.95416288e-33  1.00000000e-09
1.65000000e-07  2.87736947e-19  5.60917341e+09  4.03957824e-33  1.00000000e-09
1.66000000e-07  4.14256658e-19  5.60959139e+09  8.32187134e-33  1.00000000e-09
1.67000000e-07  5.95275499e-19  5.61000390e+09  1.70704344e-32  1.00000000e-09
1.68000000e-07  8.53248278e-19  5.61041114e+09  3.47805346e-32  1.00000000e-09
1.69000000e-07  1.21863000e-18  5.61081328e+09  7.02199998e-32  1.00000000e-09
1.70000000e-07  1.73472339e-18  5.61121050e+09  1.41062914e-31  1.00000000e-09
1.71000000e-07  2.46658183e-18  5.61160295e+09  2.83992944e-31  1.00000000e-09
1.72000000e-07  3.51006003e-18  5.61199079e+09  5.75063285e-31  1.00000000e-09
1.73000000e-07  5.00125008e-18  5.61237417e+09  1.16879917e-30  1.00000000e-09
1.74000000e-07  7.12610496e-18  5.61275322e+09  2.36947311e-30  1.00000000e-09
1.75000000e-07  1.01302567e-17  5.61312807e+09  4.75469640e-30  1.00000000e-09
1.76000000e-07  1.43296080e-17  5.61349883e+09  9.40642771e-30  1.00000000e-09
1.77000000e-07  2.01986857e-17  5.61386563e+09  1.85374799e-29  1.00000000e-09
1.78000000e-07  2.84718929e-17  5.61422856e+09  3.67480321e-29  1.00000000e-09
1.79000000e-07  4.01955170e-17  5.61458773e+09  7.32882840e-29  1.00000000e-09
1.80000000e-07  5.67660532e-17  5.61494323e+09  1.45923437e-28  1.00000000e-09
1.81000000e-07  7.99615511e-17  5.61529514e+09  2.87146515e-28  1.00000000e-09
1.82000000e-07  1.11970458e-16  5.61564354e+09  5.53664438e-28  1.00000000e-09
1.83000000e-07  1.55432027e-16  5.61598852e+09  1.05715981e-27  1.00000000e-09
1.84000000e-07  2.17563997e-16  5.61633015e+09  2.10513866e-27  1.00000000e-09
1.85000000e-07  3.08693980e-16  5.61666848e+09  4.35072573e-27  1.00000000e-09
1.86000000e-07  4.41075002e-16  5.61700359e+09  9.02319323e-27  1.00000000e-09
1.87000000e-07  6.28543854e-16  5.61733555e+09  1.82379688e-26  1.00000000e-09
1.88000000e-07  8.86312038e-16  5.61766440e+09  3.53859001e-26  1.00000000e-09
1.89000000e-07  1.23097557e-15  5.61799020e+09  6.56193574e-26  1.00000000e-09
1.90000000e-07  1.68070763e-15  5.61831302e+09  1.22006123e-25  1.00000000e-09
1.91000000e-07  2.36018122e-15  5.61863290e+09  2.49093082e-25  1.00000000e-09
1.92000000e-07  3.36891612e-15  5.61894989e+09  5.20915724e-25  1.00000000e-09
1.93000000e-07  4.79592997e-15  5.61926404e+09  1.04990366e-24  1.00000000e-09
1.94000000e-07  6.72145967e-15  5.61957540e+09  1.99135608e-24  1.00000000e-09
1.95000000e-07  9.21929063e-15  5.61988402e+09  3.54852429e-24  1.00000000e-09
1.96000000e-07  1.23631134e-14  5.62018994e+09  5.98305894e-24  1.00000000e-09
1.97000000e-07  1.62371554e-14  5.62049321e+09  9.65588410e-24  1.00000000e-09
1.98000000e-07  2.27060537e-14  5.62079388e+09  2.16943923e-23  1.00000000e-09
1.99000000e-07  3.30998198e-14  5.62109198e+09  4.96692525e-23  1.00000000e-09
2.00000000e-07  4.71395041e-14  5.62138756e+09  9.86716546e-23  1.00000000e-09
2.01000000e-07  6.47023424e-14  5.62168066e+09  1.73428338e-22  1.00000000e-09
2.02000000e-07  8.56763819e-14  5.62197132e+09  2.78386229e-22  1.00000000e-09
2.03000000e-07  1.10062286e-13  5.62225958e+09  4.19365589e-22  1.00000000e-09
2.04000000e-07  1.38018516e-13  5.62254549e+09  6.06879165e-22  1.00000000e-09
2.05000000e-07  1.70526865e-13  5.62282908e+09  8.56710202e-22  1.00000000e-09
2.06000000e-07  3.20142590e-13  5.62311040e+09  4.33124741e-05  1.00000000e-09
2.07000000e-07  4.59584256e-13  5.62338947e+09  4.33124741e-05  1.00000000e-09
2.08000000e-07  6.01343451e-13  5.62366634e+09  4.33124741e-05  1.00000000e-09
2.09000000e-07  7.44880608e-13  5.62394104e+09  4.33124741e-05  1.00000000e-09
2.10000000e-07  8.91898615e-13  5.62421361e+09  4.33124741e-05  1.00000000e-09
2.11000000e-07  1.04911852e-12  5.62448408e+09  4.33124741e-05  1.00000000e-09
2.12000000e-07  1.21684970e-12  5.62475250e+09  4.33124741e-05  1.00000000e-09
2.13000000e-07  1.40209779e-12  5.62501888e+09  4.33124741e-05  1.00000000e-09
2.14000000e-07  1.62397044e-12  5.62528327e+09  4.33124741e-05  1.00000000e-09
2.15000000e-07  1.86949599e-12  5.62554569e+09  4.33124741e-05  1.00000000e-09
2.16000000e-07  2.14967073e-12  5.62580619e+09  8.66249481e-05  1.00000000e-09
2.17000000e-07  2.57974114e-12  5.62606478e+09  8.66249481e-05  1.00000000e-09
2.18000000e-07  3.04912187e-12  5.62632151e+09  8.66249481e-05  1.00000000e-09
2.19000000e-07  3.59059012e-12  5.62657639e+09  1.29937422e-04  1.00000000e-09
2.20000000e-07  4.30843592e-12  5.62682945e+09  1.29937422e-04  1.00000000e-09
2.21000000e-07  5.12156226e-12  5.62708074e+09  1.73249896e-04  1.00000000e-09
2.22000000e-07  6.14061120e-12  5.62733026e+09  1.73249896e-04  1.00000000e-09
2.23000000e-07  7.40314805e-12  5.62757806e+09  2.16562370e-04  1.00000000e-09
2.24000000e-07  8.92326313e-12  5.62782414e+09  2.59874844e-04  1.00000000e-09
2.25000000e-07  1.07475822e-11  5.62806855e+09  3.46499792e-04  1.00000000e-09
2.26000000e-07  1.28907645e-11  5.62831131e+09  3.89812266e-04  1.00000000e-09
2.27000000e-07  1.55298561e-11  5.62855243e+09  4.76437215e-04  1.00000000e-09
2.28000000e-07  1.87048025e-11  5.62879194e+09  6.06374637e-04  1.00000000e-09
2.29000000e-07  2.25746034e-11  5.62902987e+09  6.92999585e-04  1.00000000e-09
2.30000000e-07  2.72244464e-11  5.62926624e+09  8.66249481e-04  1.00000000e-09
2.31000000e-07  3.28011617e-11  5.62950107e+09  1.01784314e-03  1.00000000e-09
2.32000000e-07  3.94666612e-11  5.62973438e+09  1.23440551e-03  1.00000000e-09
2.33000000e-07  4.74345747e-11  5.62996620e+09  1.45096788e-03  1.00000000e-09
2.34000000e-07  5.70749742e-11  5.63019654e+09  1.75415520e-03  1.00000000e-09
2.35000000e-07  6.86514721e-11  5.63042542e+09  2.14396747e-03  1.00000000e-09
2.36000000e-07  8.23593966e-11  5.63065287e+09  2.57709221e-03  1.00000000e-09
2.37000000e-07  9.87337700e-11  5.63087890e+09  3.03187318e-03  1.00000000e-09
2.38000000e-07  1.18300631e-10  5.63110353e+09  3.68156029e-03  1.00000000e-09
2.39000000e-07  1.41596569e-10  5.63132679e+09  4.37455988e-03  1.00000000e-09
2.40000000e-07  1.69277990e-10  5.63154868e+09  5.17584065e-03  1.00000000e-09
2.41000000e-07  2.02179521e-10  5.63176923e+09  6.21534003e-03  1.00000000e-09
2.42000000e-07  2.41204737e-10  5.63198846e+09  7.36312059e-03  1.00000000e-09
2.43000000e-07  2.87545626e-10  5.63220638e+09  8.72746352e-03  1.00000000e-09
2.44000000e-07  3.42435885e-10  5.63242301e+09  1.03949938e-02  1.00000000e-09
2.45000000e-07  4.07447912e-10  5.63263837e+09  1.23223989e-02  1.00000000e-09
2.46000000e-07  4.84217314e-10  5.63285246e+09  1.45963038e-02  1.00000000e-09
2.47000000e-07  5.74930245e-10  5.63306532e+09  1.72816771e-02  1.00000000e-09
2.48000000e-07  6.82043768e-10  5.63327694e+09  2.04651440e-02  1.00000000e-09
2.49000000e-07  8.08246446e-10  5.63348736e+09  2.41467043e-02  1.00000000e-09
2.50000000e-07  9.56969866e-10  5.63369658e+09  2.84996079e-02  1.00000000e-09
2.51000000e-07  1.13200211e-09  5.63390461e+09  3.35888236e-02  1.00000000e-09
2.52000000e-07  1.33780234e-09  5.63411147e+09  3.95876013e-02  1.00000000e-09
2.53000000e-07  1.57942841e-09  5.63431718e+09  4.66042221e-02  1.00000000e-09
2.54000000e-07  1.86306379e-09  5.63452175e+09  5.47902797e-02  1.00000000e-09
2.55000000e-07  2.19558152e-09  5.63472519e+09  6.43623364e-02  1.00000000e-09
2.56000000e-07  2.58524034e-09  5.63492751e+09  7.55369547e-02  1.00000000e-09
2.57000000e-07  3.04120684e-09  5.63512873e+09  8.85956657e-02  1.00000000e-09
2.58000000e-07  3.57436002e-09  5.63532886e+09  1.03841657e-01  1.00000000e-09
2.59000000e-07  4.19731182e-09  5.63552790e+09  1.21513146e-01  1.00000000e-09
2.60000000e-07  4.92446259e-09  5.63572588e+09  1.42129884e-01  1.00000000e-09
2.61000000e-07  5.77238671e-09  5.63592280e+09  1.66060026e-01  1.00000000e-09
2.62000000e-07  6.76049310e-09  5.63611867e+09  1.93888290e-01  1.00000000e-09
2.63000000e-07  7.91085401e-09  5.63631351e+09  2.26156083e-01  1.00000000e-09
2.64000000e-07  9.24892499e-09  5.63650732e+09  2.63556405e-01  1.00000000e-09
2.65000000e-07  1.08040172e-08  5.63670011e+09  3.06912191e-01  1.00000000e-09
2.66000000e-07  1.26099057e-08  5.63689190e+09  3.57089692e-01  1.00000000e-09
2.67000000e-07  1.47052352e-08  5.63708269e+09  4.15085095e-01  1.00000000e-09
2.68000000e-07  1.71342576e-08  5.63727249e+09  4.82111149e-01  1.00000000e-09
2.69000000e-07  1.99478333e-08  5.63746131e+09  5.59488884e-01  1.00000000e-09
2.70000000e-07  2.32039763e-08  5.63764916e+09  6.48734236e-01  1.00000000e-09
2.71000000e-07  2.69694170e-08  5.63783604e+09  7.51623018e-01  1.00000000e-09
2.72000000e-07  3.13202723e-08  5.63802197e+09  8.70082635e-01  1.00000000e-09
2.73000000e-07  3.63434348e-08  5.63820695e+09  1.00640865e+00  1.00000000e-09
2.74000000e-07  4.21381345e-08  5.63839098e+09  1.16317815e+00  1.00000000e-09
2.75000000e-07  4.88174414e-08  5.63857408e+09  1.34329307e+00  1.00000000e-09
2.76000000e-07  5.65102781e-08  5.63875625e+09  1.54998020e+00  1.00000000e-09
2.77000000e-07  6.53634665e-08  5.63893750e+09  1.78709434e+00  1.00000000e-09
2.78000000e-07  7.55439355e-08  5.63911782e+09  2.05883680e+00  1.00000000e-09
2.79000000e-07  8.72415107e-08  5.63929724e+09  2.37003692e+00  1.00000000e-09
2.80000000e-07  1.00671821e-07  5.63947575e+09  2.72613043e+00  1.00000000e-09
2.81000000e-07  1.16079553e-07  5.63965335e+09  3.13328934e+00  1.00000000e-09
2.82000000e-07  1.33742332e-07  5.63983005e+09  3.59848697e+00  1.00000000e-09
2.83000000e-07  1.53974827e-07  5.64000586e+09  4.12960618e+00  1.00000000e-09
2.84000000e-07  1.77133142e-07  5.64018077e+09  4.73543941e+00  1.00000000e-09
2.85000000e-07  2.03620439e-07  5.64035480e+09  5.42607847e+00  1.00000000e-09
2.86000000e-07  2.33892394e-07  5.64052793e+09  6.21269797e+00  1.00000000e-09
2.87000000e-07  2.68464041e-07  5.64070018e+09  7.10805343e+00  1.00000000e-09
2.88000000e-07  3.07916627e-07  5.64087154e+09  8.12635135e+00  1.00000000e-09
2.89000000e-07  3.52906188e-07  5.64104202e+09  9.28363900e+00  1.00000000e-09
2.90000000e-07  4.04172049e-07  5.64121161e+09  1.05979127e+01  1.00000000e-09
2.91000000e-07  4.62547132e-07  5.64138031e+09  1.20893778e+01  1.00000000e-09
2.92000000e-07  5.28969113e-07  5.64154813e+09  1.37806432e+01  1.00000000e-09
2.93000000e-07  6.04492642e-07  5.64171505e+09  1.56971553e+01  1.00000000e-09
2.94000000e-07  6.90303253e-07  5.64188108e+09  1.78672618e+01  1.00000000e-09
2.95000000e-07  7.87732697e-07  5.64204621e+09  2.03228192e+01  1.00000000e-09
2.96000000e-07  8.98275504e-07  5.64221043e+09  2.30993654e+01  1.00000000e-09
2.97000000e-07  1.02360820e-06  5.64237375e+09  2.62366394e+01  1.00000000e-09
2.98000000e-07  1.16560970e-06  5.64253615e+09  2.97789285e+01  1.00000000e-09
2.99000000e-07  1.32638472e-06  5.64269762e+09  3.37758036e+01  1.00000000e-09
3.00000000e-07  1.50828890e-06  5.64285816e+09  3.82824016e+01  1.00000000e-09
3.01000000e-07  1.71395678e-06  5.64301775e+09  4.33601611e+01  1.00000000e-09
3.02000000e-07  1.94633316e-06  5.64317638e+09  4.90775376e+01  1.00000000e-09
3.03000000e-07  2.20870705e-06  5.64333404e+09  5.55106528e+01  1.00000000e-09
3.04000000e-07  2.50474945e-06  5.64349071e+09  6.27440958e+01  1.00000000e-09
3.05000000e-07  2.83855520e-06  5.64364637e+09  7.08719848e+01  1.00000000e-09
3.06000000e-07  3.21468841e-06  5.64380102e+09  7.99987244e+01  1.00000000e-09
3.07000000e-07  3.63823261e-06  5.64395461e+09  9.02400022e+01  1.00000000e-09
3.08000000e-07  4.11484659e-06  5.64410714e+09  1.01724326e+02  1.00000000e-09
3.09000000e-07  4.65082509e-06  5.64425857e+09  1.14593892e+02  1.00000000e-09
3.10000000e-07  5.25316532e-06  5.64440888e+09  1.29006269e+02  1.00000000e-09
3.11000000e-07  5.92964034e-06  5.64455803e+09  1.45135618e+02  1.00000000e-09
3.12000000e-07  6.68887955e-06  5.64470600e+09  1.63174722e+02  1.00000000e-09
3.13000000e-07  7.54045633e-06  5.64485275e+09  1.83336354e+02  1.00000000e-09
3.14000000e-07  8.49498437e-06  5.64499823e+09  2.05855592e+02  1.00000000e-09
3.15000000e-07  9.56422348e-06  5.64514242e+09  2.30991879e+02  1.00000000e-09
3.16000000e-07  1.07611942e-05  5.64528525e+09  2.59031097e+02  1.00000000e-09
3.17000000e-07  1.21003041e-05  5.64542668e+09  2.90288453e+02  1.00000000e-09
3.18000000e-07  1.35974850e-05  5.64556667e+09  3.25110990e+02  1.00000000e-09
3.19000000e-07  1.52703428e-05  5.64570515e+09  3.63880636e+02  1.00000000e-09
3.20000000e-07  1.71383213e-05  5.64584206e+09  4.07017456e+02  1.00000000e-09
3.21000000e-07  1.92228799e-05  5.64597734e+09  4.54983077e+02  1.00000000e-09
3.22000000e-07  2.15476881e-05  5.64611093e+09  5.08284534e+02  1.00000000e-09
3.23000000e-07  2.41388356e-05  5.64624275e+09  5.67478329e+02  1.00000000e-09
3.24000000e-07  2.70250628e-05  5.64637272e+09  6.33175103e+02  1.00000000e-09
3.25000000e-07  3.02380095e-05  5.64650077e+09  7.06043967e+02  1.00000000e-09
3.26000000e-07  3.38124857e-05  5.64662681e+09  7.86818052e+02  1.00000000e-09
3.27000000e-07  3.77867660e-05  5.64675075e+09  8.76300066e+02  1.00000000e-09
3.28000000e-07  4.22029075e-05  5.64687252e+09  9.75368149e+02  1.00000000e-09
3.29000000e-07  4.71070957e-05  5.64699201e+09  1.08498256e+03  1.00000000e-09
3.30000000e-07  5.25500182e-05  5.64710912e+09  1.20619257e+03  1.00000000e-09
3.31000000e-07  5.85872697e-05  5.64722377e+09  1.34014391e+03  1.00000000e-09
3.32000000e-07  6.52797897e-05  5.64733584e+09  1.48808712e+03  1.00000000e-09
3.33000000e-07  7.26943358e-05  5.64744523e+09  1.65138607e+03  1.00000000e-09
3.34000000e-07  8.09039949e-05  5.64755185e+09  1.83152725e+03  1.00000000e-09
3.35000000e-07  8.99887351e-05  5.64765558e+09  2.03013007e+03  1.00000000e-09
3.36000000e-07  1.00036001e-04  5.64775632e+09  2.24895724e+03  1.00000000e-09
3.37000000e-07  1.11141355e-04  5.64785398e+09  2.48992671e+03  1.00000000e-09
3.38000000e-07  1.23409169e-04  5.64794844e+09  2.75512366e+03  1.00000000e-09
3.39000000e-07  1.36953369e-04  5.64803960e+09  3.04681392e+03  1.00000000e-09
3.40000000e-07  1.51898236e-04  5.64812737e+09  3.36745811e+03  1.00000000e-09
3.41000000e-07  1.68379265e-04  5.64821165e+09  3.71972646e+03  1.00000000e-09
3.42000000e-07  1.86544094e-04  5.64829235e+09  4.10651548e+03  1.00000000e-09
3.43000000e-07  2.06553495e-04  5.64836940e+09  4.53096444e+03  1.00000000e-09
3.44000000e-07  2.28582441e-04  5.64844271e+09  4.99647440e+03  1.00000000e-09
3.45000000e-07  2.52821249e-04  5.64851223e+09  5.50672735e+03  1.00000000e-09
3.46000000e-07  2.79476807e-04  5.64857790e+09  6.06570706e+03  1.00000000e-09
3.47000000e-07  3.08773883e-04  5.64863965e+09  6.67772149e+03  1.00000000e-09
3.48000000e-07  3.40956535e-04  5.64869745e+09  7.34742598e+03  1.00000000e-09
3.49000000e-07  3.76289611e-04  5.64875124e+09  8.07984849e+03  1.00000000e-09
3.50000000e-07  4.15060355e-04  5.64880097e+09  8.88041619e+03  1.00000000e-09
3.51000000e-07  4.57580123e-04  5.64884657e+09  9.75498352e+03  1.00000000e-09
3.52000000e-07  5.04186217e-04  5.64888815e+09  1.07098621e+04  1.00000000e-09
3.53000000e-07  5.55243838e-04  5.64892580e+09  1.17518525e+04  1.00000000e-09
3.54000000e-07  6.11148171e-04  5.64895957e+09  1.28882777e+04  1.00000000e-09
3.55000000e-07  6.72326604e-04  5.64898953e+09  1.41270184e+04  1.00000000e-09
3.56000000e-07  7.39241092e-04  5.64901569e+09  1.54765509e+04  1.00000000e-09
3.57000000e-07  8.12390677e-04  5.64903805e+09  1.69459860e+04  1.00000000e-09
3.58000000e-07  8.92314159e-04  5.64905658e+09  1.85451117e+04  1.00000000e-09
3.59000000e-07  9.79592940e-04  5.64907120e+09  2.02844365e+04  1.00000000e-09
3.60000000e-07  1.07485405e-03  5.64908182e+09  2.21752362e+04  1.00000000e-09
3.61000000e-07  1.17877333e-03  5.64908830e+09  2.42296028e+04  1.00000000e-09
3.62000000e-07  1.29207887e-03  5.64909045e+09  2.64604962e+04  1.00000000e-09
3.63000000e-07  1.41555458e-03  5.64908806e+09  2.88817978e+04  1.00000000e-09
3.64000000e-07  1.55004401e-03  5.64908057e+09  3.15083679e+04  1.00000000e-09
3.65000000e-07  1.69645441e-03  5.64906736e+09  3.43561054e+04  1.00000000e-09
3.66000000e-07  1.85576098e-03  5.64904777e+09  3.74420099e+04  1.00000000e-09
3.67000000e-07  2.02901140e-03  5.64902112e+09  4.07842482e+04  1.00000000e-09
3.68000000e-07  2.21733062e-03  5.64898665e+09  4.44022226e+04  1.00000000e-09
3.69000000e-07  2.42192584e-03  5.64894360e+09  4.83166429e+04  1.00000000e-09
3.70000000e-07  2.64409192e-03  5.64889115e+09  5.25496022e+04  1.00000000e-09
3.71000000e-07  2.88521689e-03  5.64882845e+09  5.71246548e+04  1.00000000e-09
3.72000000e-07  3.14678794e-03  5.64875461e+09  6.20668989e+04  1.00000000e-09
3.73000000e-07  3.43039756e-03  5.64866873e+09  6.74030625e+04  1.00000000e-09
3.74000000e-07  3.73775017e-03  5.64856986e+09  7.31615921e+04  1.00000000e-09
3.75000000e-07  4.07066891e-03  5.64845703e+09  7.93727461e+04  1.00000000e-09
3.76000000e-07  4.43110296e-03  5.64832929e+09  8.60686916e+04  1.00000000e-09
3.77000000e-07  4.82113506e-03  5.64818575e+09  9.32836049e+04  1.00000000e-09
3.78000000e-07  5.24298951e-03  5.64802552e+09  1.01053776e+05  1.00000000e-09
3.79000000e-07  5.69904054e-03  5.64784768e+09  1.09417717e+05  1.00000000e-09
3.80000000e-07  6.19182103e-03  5.64765128e+09  1.18416276e+05  1.00000000e-09
3.81000000e-07  6.72403170e-03  5.64743535e+09  1.28092750e+05  1.00000000e-09
3.82000000e-07  7.29855071e-03  5.64719887e+09  1.38493008e+05  1.00000000e-09
3.83000000e-07  7.91844367e-03  5.64694080e+09  1.49665618e+05  1.00000000e-09
3.84000000e-07  8.58697413e-03  5.64666006e+09  1.61661970e+05  1.00000000e-09
3.85000000e-07  9.30761454e-03  5.64635553e+09  1.74536413e+05  1.00000000e-09
3.86000000e-07  1.00840577e-02  5.64602602e+09  1.88346391e+05  1.00000000e-09
3.87000000e-07  1.09202285e-02  5.64567032e+09  2.03152582e+05  1.00000000e-09
3.88000000e-07  1.18202965e-02  5.64528716e+09  2.19019047e+05  1.00000000e-09
3.89000000e-07  1.27886890e-02  5.64487519e+09  2.36013374e+05  1.00000000e-09
3.90000000e-07  1.38301041e-02  5.64443303e+09  2.54206836e+05  1.00000000e-09
3.91000000e-07  1.49495248e-02  5.64395922e+09  2.73674542e+05  1.00000000e-09
3.92000000e-07  1.61522337e-02  5.64345223e+09  2.94495604e+05  1.00000000e-09
3.93000000e-07  1.74438278e-02  5.64291046e+09  3.16753296e+05  1.00000000e-09
3.94000000e-07  1.88302344e-02  5.64233225e+09  3.40535223e+05  1.00000000e-09
3.95000000e-07  2.03177270e-02  5.64171585e+09  3.65933493e+05  1.00000000e-09
3.96000000e-07  2.19129422e-02  5.64105945e+09  3.93044892e+05  1.00000000e-09
3.97000000e-07  2.36228972e-02  5.64036114e+09  4.21971057e+05  1.00000000e-09
3.98000000e-07  2.54550074e-02  5.63961895e+09  4.52818661e+05  1.00000000e-09
3.99000000e-07  2.74171052e-02  5.63883080e+09  4.85699594e+05  1.00000000e-09
4.00000000e-07  2.95174589e-02  5.63799455e+09  5.20731147e+05  1.00000000e-09
4.01000000e-07  3.17647927e-02  5.63710797e+09  5.58036200e+05  1.00000000e-09
4.02000000e-07  3.41683066e-02  5.63662773e+09  5.97743410e+05  1.00000000e-09
4.03000000e-07  3.67376977e-02  5.63662204e+09  6.39987403e+05  1.00000000e-09
4.04000000e-07  3.94831814e-02  5.63661085e+09  6.84908965e+05  1.00000000e-09
4.05000000e-07  4.24155137e-02  5.63664079e+09  7.32655232e+05  1.00000000e-09
4.06000000e-07  4.55460137e-02  5.63667288e+09  7.83379886e+05  1.00000000e-09
4.07000000e-07  4.88865871e-02  5.63670197e+09  8.37243346e+05  1.00000000e-09
4.08000000e-07  5.24497496e-02  5.63672802e+09  8.94412958e+05  1.00000000e-09
4.09000000e-07  5.62486517e-02  5.63675099e+09  9.55063190e+05  1.00000000e-09
4.10000000e-07  6.02971034e-02  5.63677077e+09  1.01937582e+06  1.00000000e-09
4.11000000e-07  6.46095999e-02  5.63678723e+09  1.08754011e+06  1.00000000e-09
4.12000000e-07  6.92013469e-02  5.63680022e+09  1.15975303e+06  1.00000000e-09
4.13000000e-07  7.40882882e-02  5.63680953e+09  1.23621938e+06  1.00000000e-09
4.14000000e-07  7.92871314e-02  5.63681491e+09  1.31715202e+06  1.00000000e-09
4.15000000e-07  8.48153764e-02  5.63681609e+09  1.40277203e+06  1.00000000e-09
4.16000000e-07  9.06913423e-02  5.63681267e+09  1.49330885e+06  1.00000000e-09
4.17000000e-07  9.69341962e-02  5.63680398e+09  1.58900047e+06  1.00000000e-09
4.18000000e-07  1.03563982e-01  5.63678929e+09  1.69009360e+06  1.00000000e-09
4.19000000e-07  1.10601648e-01  5.63676783e+09  1.79684376e+06  1.00000000e-09
4.20000000e-07  1.18069077e-01  5.63673878e+09  1.90951548e+06  1.00000000e-09
4.21000000e-07  1.25989118e-01  5.63670126e+09  2.02838241e+06  1.00000000e-09
4.22000000e-07  1.34385610e-01  5.63665436e+09  2.15372741e+06  1.00000000e-09
4.23000000e-07  1.43283419e-01  5.63662191e+09  2.28584273e+06  1.00000000e-09
4.24000000e-07  1.52708462e-01  5.63664058e+09  2.42503001e+06  1.00000000e-09
4.25000000e-07  1.62687740e-01  5.63665584e+09  2.57160048e+06  1.00000000e-09
4.26000000e-07  1.73249367e-01  5.63666749e+09  2.72587492e+06  1.00000000e-09
4.27000000e-07  1.84422602e-01  5.63667529e+09  2.88818381e+06  1.00000000e-09
4.28000000e-07  1.96237875e-01  5.63667896e+09  3.05886730e+06  1.00000000e-09
4.29000000e-07  2.08726820e-01  5.63667819e+09  3.23827529e+06  1.00000000e-09
4.30000000e-07  2.21922302e-01  5.63667240e+09  3.42676742e+06  1.00000000e-09
4.31000000e-07  2.35858449e-01  5.63666087e+09  3.62471301e+06  1.00000000e-09
4.32000000e-07  2.50570678e-01  5.63664282e+09  3.83249113e+06  1.00000000e-09
4.33000000e-07  2.66095724e-01  5.63661740e+09  4.05049045e+06  1.00000000e-09
4.34000000e-07  2.82471667e-01  5.63658375e+09  4.27910924e+06  1.00000000e-09
4.35000000e-07  2.99737961e-01  5.63654093e+09  4.51875520e+06  1.00000000e-09
4.36000000e-07  3.17935458e-01  5.63648798e+09  4.76984543e+06  1.00000000e-09
4.37000000e-07  3.37106435e-01  5.63642388e+09  5.03280622e+06  1.00000000e-09
4.38000000e-07  3.57294617e-01  5.63634760e+09  5.30807288e+06  1.00000000e-09
4.39000000e-07  3.78545202e-01  5.63632481e+09  5.59608957e+06  1.00000000e-09
4.40000000e-07  4.00904881e-01  5.63633543e+09  5.89730908e+06  1.00000000e-09
4.41000000e-07  4.24421864e-01  5.63634201e+09  6.21219252e+06  1.00000000e-09
4.42000000e-07  4.49145893e-01  5.63634421e+09  6.54120912e+06  1.00000000e-09
4.43000000e-07  4.75128265e-01  5.63634169e+09  6.88483581e+06  1.00000000e-09
4.44000000e-07  5.02421849e-01  5.63633372e+09  7.24355697e+06  1.00000000e-09
4.45000000e-07  5.31081097e-01  5.63631951e+09  7.61786399e+06  1.00000000e-09
4.46000000e-07  5.61162063e-01  5.63629822e+09  8.00825485e+06  1.00000000e-09
4.47000000e-07  5.92722409e-01  5.63626896e+09  8.41523370e+06  1.00000000e-09
4.48000000e-07  6.25821417e-01  5.63623080e+09  8.83931038e+06  1.00000000e-09
4.49000000e-07  6.60519997e-01  5.63618274e+09  9.28099985e+06  1.00000000e-09
4.50000000e-07  6.96880691e-01  5.63612376e+09  9.74082167e+06  1.00000000e-09
4.51000000e-07  7.34967674e-01  5.63605279e+09  1.02192994e+07  1.00000000e-09
4.52000000e-07  7.74846758e-01  5.63596873e+09  1.07169599e+07  1.00000000e-09
4.53000000e-07  8.16585386e-01  5.63587045e+09  1.12343329e+07  1.00000000e-09
4.54000000e-07  8.60252626e-01  5.63585875e+09  1.17719498e+07  1.00000000e-09
4.55000000e-07  9.05919166e-01  5.63586426e+09  1.23303434e+07  1.00000000e-09
4.56000000e-07  9.53657302e-01  5.63586513e+09  1.29100470e+07  1.00000000e-09
4.57000000e-07  1.00354092e+00  5.63586088e+09  1.35115932e+07  1.00000000e-09
4.58000000e-07  1.05564549e+00  5.63585072e+09  1.41355138e+07  1.00000000e-09
4.59000000e-07  1.11004802e+00  5.63583381e+09  1.47823378e+07  1.00000000e-09
4.60000000e-07  1.16682705e+00  5.63580926e+09  1.54525916e+07  1.00000000e-09
4.61000000e-07  1.22606265e+00  5.63577611e+09  1.61467972e+07  1.00000000e-09
4.62000000e-07  1.28783632e+00  5.63573337e+09  1.68654713e+07  1.00000000e-09
4.63000000e-07  1.35223102e+00  5.63567999e+09  1.76091248e+07  1.00000000e-09
4.64000000e-07  1.41933109e+00  5.63561487e+09  1.83782607e+07  1.00000000e-09
4.65000000e-07  1.48922223e+00  5.63553689e+09  1.91733739e+07  1.00000000e-09
4.66000000e-07  1.56199144e+00  5.63544490e+09  1.99949496e+07  1.00000000e-09
4.67000000e-07  1.63772697e+00  5.63533769e+09  2.08434619e+07  1.00000000e-09
4.68000000e-07  1.71651825e+00  5.63525869e+09  2.17193730e+07  1.00000000e-09
4.69000000e-07  1.79845587e+00  5.63526319e+09  2.26231314e+07  1.00000000e-09
4.70000000e-07  1.88363148e+00  5.63526276e+09  2.35551712e+07  1.00000000e-09
4.71000000e-07  1.97213771e+00  5.63525678e+09  2.45159100e+07  1.00000000e-09
4.72000000e-07  2.06406814e+00  5.63524441e+09  2.55057483e+07  1.00000000e-09
4.73000000e-07  2.15951718e+00  5.63522475e+09  2.65250675e+07  1.00000000e-09
4.74000000e-07  2.25857999e+00  5.63519686e+09  2.75742287e+07  1.00000000e-09
4.75000000e-07  2.36135244e+00  5.63515971e+09  2.86535715e+07  1.00000000e-09
4.76000000e-07  2.46793095e+00  5.63511225e+09  2.97634120e+07  1.00000000e-09
4.77000000e-07  2.57841243e+00  5.63505338e+09  3.09040416e+07  1.00000000e-09
4.78000000e-07  2.69289416e+00  5.63498192e+09  3.20757258e+07  1.00000000e-09
4.79000000e-07  2.81147370e+00  5.63489671e+09  3.12811078e+07  1.00000000e-09
4.80000000e-07  2.93424879e+00  5.63479650e+09  2.99935434e+07  1.00000000e-09
4.81000000e-07  3.06131717e+00  5.63468006e+09  2.86985435e+07  1.00000000e-09
4.82000000e-07  3.19277654e+00  5.63454609e+09  2.74019703e+07  1.00000000e-09
4.83000000e-07  3.32872437e+00  5.63454701e+09  2.61098367e+07  1.00000000e-09
4.84000000e-07  3.46925781e+00  5.63454528e+09  2.48282667e+07  1.00000000e-09
4.85000000e-07  3.61447354e+00  5.63453755e+09  2.35634504e+07  1.00000000e-09
4.86000000e-07  3.76446761e+00  5.63452293e+09  2.23215926e+07  1.00000000e-09
4.87000000e-07  3.91933534e+00  5.63450046e+09  2.11088566e+07  1.00000000e-09
4.88000000e-07  4.07917114e+00  5.63446914e+09  1.99313041e+07  1.00000000e-09
4.89000000e-07  4.24406836e+00  5.63442787e+09  1.87948306e+07  1.00000000e-09
4.90000000e-07  4.41411915e+00  5.63437555e+09  1.77050991e+07  1.00000000e-09
4.91000000e-07  4.58941430e+00  5.63431100e+09  1.66674718e+07  1.00000000e-09
4.92000000e-07  4.77004305e+00  5.63423300e+09  1.56869420e+07  1.00000000e-09
4.93000000e-07  4.95609295e+00  5.63414030e+09  1.47680669e+07  1.00000000e-09
4.94000000e-07  5.14764969e+00  5.63403161e+09  1.39149025e+07  1.00000000e-09
4.95000000e-07  5.34479692e+00  5.63390561e+09  1.31309428e+07  1.00000000e-09
4.96000000e-07  5.54761608e+00  5.63376096e+09  1.24190640e+07  1.00000000e-09
4.97000000e-07  5.75618621e+00  5.63373428e+09  1.17814744e+07  1.00000000e-09
4.98000000e-07  5.97058379e+00  5.63373126e+09  1.12196730e+07  1.00000000e-09
4.99000000e-07  6.19088256e+00  5.63372177e+09  1.07344157e+07  1.00000000e-09
5.00000000e-07  6.41715331e+00  5.63370486e+09  1.03256916e+07  1.00000000e-09
5.01000000e-07  6.64946373e+00  5.63367954e+09  9.99271032e+06  1.00000000e-09
5.02000000e-07  6.88787821e+00  5.63364470e+09  9.73389921e+06  1.00000000e-09
5.03000000e-07  7.13245764e+00  5.63359922e+09  9.54691319e+06  1.00000000e-09
5.04000000e-07  7.38325926e+00  5.63354192e+09  9.42865580e+06  1.00000000e-09
5.05000000e-07  7.64033646e+00  5.63347154e+09  9.37531218e+06  1.00000000e-09
5.06000000e-07  7.90373856e+00  5.63338680e+09  9.38239352e+06  1.00000000e-09
5.07000000e-07  8.17351071e+00  5.63328640e+09  9.44144093e+06  1.00000000e-09
5.08000000e-07  8.44969361e+00  5.63316897e+09  9.54250148e+06  1.00000000e-09
5.09000000e-07  8.73232341e+00  5.63303313e+09  9.67622350e+06  1.00000000e-09
5.10000000e-07  9.02143149e+00  5.63287748e+09  9.83392756e+06  1.00000000e-09
5.11000000e-07  9.31704429e+00  5.63284348e+09  1.00076599e+07  1.00000000e-09
5.12000000e-07  9.61918315e+00  5.63283916e+09  1.01902294e+07  1.00000000e-09
5.13000000e-07  9.92786414e+00  5.63282790e+09  1.03752288e+07  1.00000000e-09
5.14000000e-07  1.02430979e+01  5.63280870e+09  1.05570426e+07  1.00000000e-09
5.15000000e-07  1.05648894e+01  5.63278047e+09  1.07308413e+07  1.00000000e-09
5.16000000e-07  1.08932381e+01  5.63274208e+09  1.08925656e+07  1.00000000e-09
5.17000000e-07  1.12281371e+01  5.63269232e+09  1.10388994e+07  1.00000000e-09
5.18000000e-07  1.15695740e+01  5.63262993e+09  1.11672357e+07  1.00000000e-09
5.19000000e-07  1.19175299e+01  5.63255362e+09  1.12756351e+07  1.00000000e-09
5.20000000e-07  1.22719796e+01  5.63246203e+09  1.13627782e+07  1.00000000e-09
5.21000000e-07  1.26328916e+01  5.63235377e+09  1.14279147e+07  1.00000000e-09
5.22000000e-07  1.30002277e+01  5.63222742e+09  1.14708088e+07  1.00000000e-09
5.23000000e-07  1.33739433e+01  5.63208153e+09  1.14916829e+07  1.00000000e-09
5.24000000e-07  1.37539869e+01  5.63191463e+09  1.14911605e+07  1.00000000e-09
5.25000000e-07  1.41403001e+01  5.63189050e+09  1.14691793e+07  1.00000000e-09
5.26000000e-07  1.45328179e+01  5.63188497e+09  1.14251628e+07  1.00000000e-09
5.27000000e-07  1.49314681e+01  5.63187201e+09  1.13589638e+07  1.00000000e-09
5.28000000e-07  1.53361716e+01  5.63185056e+09  1.12708596e+07  1.00000000e-09
5.29000000e-07  1.57468421e+01  5.63181947e+09  1.11615384e+07  1.00000000e-09
5.30000000e-07  1.61633866e+01  5.63177753e+09  1.10320805e+07  1.00000000e-09
5.31000000e-07  1.65857046e+01  5.63172347e+09  1.08839322e+07  1.00000000e-09
5.32000000e-07  1.70136889e+01  5.63165597e+09  1.07188746e+07  1.00000000e-09
5.33000000e-07  1.74472250e+01  5.63157365e+09  1.05389857e+07  1.00000000e-09
5.34000000e-07  1.78861915e+01  5.63147509e+09  1.03465985e+07  1.00000000e-09
5.35000000e-07  1.83304600e+01  5.63135883e+09  1.01442548e+07  1.00000000e-09
5.36000000e-07  1.87798951e+01  5.63122337e+09  9.93465525e+06  1.00000000e-09
5.37000000e-07  1.92343547e+01  5.63106720e+09  9.72060715e+06  1.00000000e-09
5.38000000e-07  1.96936900e+01  5.63089068e+09  9.50497073e+06  1.00000000e-09
5.39000000e-07  2.01577454e+01  5.63089081e+09  9.29060465e+06  1.00000000e-09
5.40000000e-07  2.06263590e+01  5.63088406e+09  9.08031198e+06  1.00000000e-09
5.41000000e-07  2.10993624e+01  5.63086937e+09  8.87678760e+06  1.00000000e-09
5.42000000e-07  2.15765813e+01  5.63084560e+09  8.68256785e+06  1.00000000e-09
5.43000000e-07  2.20578351e+01  5.63081155e+09  8.49998357e+06  1.00000000e-09
5.44000000e-07  2.25429377e+01  5.63076593e+09  8.33111723e+06  1.00000000e-09
5.45000000e-07  2.30316973e+01  5.63070742e+09  8.17776506e+06  1.00000000e-09
5.46000000e-07  2.35239169e+01  5.63063460e+09  8.04140483e+06  1.00000000e-09
5.47000000e-07  2.40193944e+01  5.63054604e+09  7.92316991e+06  1.00000000e-09
5.48000000e-07  2.45179229e+01  5.63044024e+09  7.82383009e+06  1.00000000e-09
5.49000000e-07  2.50192913e+01  5.63031566e+09  7.74377946e+06  1.00000000e-09
5.50000000e-07  2.55232841e+01  5.63017074e+09  7.68303171e+06  1.00000000e-09
5.51000000e-07  2.60296821e+01  5.63000388e+09  7.64122268e+06  1.00000000e-09
5.52000000e-07  2.65382630e+01  5.62984616e+09  7.61762038e+06  1.00000000e-09
5.53000000e-07  2.70488010e+01  5.62984543e+09  7.61114203e+06  1.00000000e-09
5.54000000e-07  2.75610680e+01  5.62983733e+09  7.62021318e+06  1.00000000e-09
5.55000000e-07  2.80748337e+01  5.62982076e+09  7.64178720e+06  1.00000000e-09
5.56000000e-07  2.85898661e+01  5.62979451e+09  7.67290963e+06  1.00000000e-09
5.57000000e-07  2.91059317e+01  5.62975730e+09  7.71073110e+06  1.00000000e-09
5.58000000e-07  2.96227966e+01  5.62970779e+09  7.75254889e+06  1.00000000e-09
5.59000000e-07  3.01402263e+01  5.62964457e+09  7.79584254e+06  1.00000000e-09
5.60000000e-07  3.06579870e+01  5.62956615e+09  7.83830325e+06  1.00000000e-09
5.61000000e-07  3.11758452e+01  5.62947103e+09  7.87785707e+06  1.00000000e-09
5.62000000e-07  3.16935694e+01  5.62935762e+09  7.91268219e+06  1.00000000e-09
5.63000000e-07  3.22109297e+01  5.62922433e+09  7.94122031e+06  1.00000000e-09
5.64000000e-07  3.27276991e+01  5.62906951e+09  7.96218262e+06  1.00000000e-09
5.65000000e-07  3.32436539e+01  5.62889149e+09  7.97455048e+06  1.00000000e-09
5.66000000e-07  3.37585740e+01  5.62875047e+09  7.97757145e+06  1.00000000e-09
5.67000000e-07  3.42722445e+01  5.62874885e+09  7.97058653e+06  1.00000000e-09
5.68000000e-07  3.47853863e+01  5.62873938e+09  7.95241169e+06  1.00000000e-09
5.69000000e-07  3.52981548e+01  5.62872086e+09  7.92211012e+06  1.00000000e-09
5.70000000e-07  3.58103326e+01  5.62869205e+09  7.87900942e+06  1.00000000e-09
5.71000000e-07  3.63217024e+01  5.62865158e+09  7.82271476e+06  1.00000000e-09
5.72000000e-07  3.68320475e+01  5.62859804e+09  7.75311632e+06  1.00000000e-09
5.73000000e-07  3.73411524e+01  5.62852994e+09  7.67039099e+06  1.00000000e-09
5.74000000e-07  3.78488029e+01  5.62844573e+09  7.57499815e+06  1.00000000e-09
5.75000000e-07  3.83547868e+01  5.62834382e+09  7.46766983e+06  1.00000000e-09
5.76000000e-07  3.88588944e+01  5.62822256e+09  7.34939534e+06  1.00000000e-09
5.77000000e-07  3.93609192e+01  5.62808025e+09  7.22140073e+06  1.00000000e-09
5.78000000e-07  3.98606583e+01  5.62791520e+09  7.08512349e+06  1.00000000e-09
5.79000000e-07  4.03579134e+01  5.62772564e+09  6.94218310e+06  1.00000000e-09
5.80000000e-07  4.08524914e+01  5.62760121e+09  6.79434792e+06  1.00000000e-09
5.81000000e-07  4.13442050e+01  5.62759876e+09  6.64349923e+06  1.00000000e-09
5.82000000e-07  4.18328740e+01  5.62758794e+09  6.49159303e+06  1.00000000e-09
5.83000000e-07  4.23183260e+01  5.62756751e+09  6.34062051e+06  1.00000000e-09
5.84000000e-07  4.28003973e+01  5.62753614e+09  6.19256791e+06  1.00000000e-09
5.85000000e-07  4.32789342e+01  5.62749239e+09  6.04937662e+06  1.00000000e-09
5.86000000e-07  4.37537939e+01  5.62743477e+09  5.91290430e+06  1.00000000e-09
5.87000000e-07  4.42248461e+01  5.62736172e+09  5.78488789e+06  1.00000000e-09
5.88000000e-07  4.46919736e+01  5.62727162e+09  5.66690909e+06  1.00000000e-09
5.89000000e-07  4.51550743e+01  5.62716278e+09  5.56036321e+06  1.00000000e-09
5.90000000e-07  4.56140619e+01  5.62703348e+09  5.46643181e+06  1.00000000e-09
5.91000000e-07  4.60688679e+01  5.62688195e+09  5.38605983e+06  1.00000000e-09
5.92000000e-07  4.65194429e+01  5.62670640e+09  5.31993749e+06  1.00000000e-09
5.93000000e-07  4.69657576e+01  5.62650501e+09  5.26848749e+06  1.00000000e-09
5.94000000e-07  4.74078053e+01  5.62639222e+09  5.23185759e+06  1.00000000e-09
5.95000000e-07  4.78456028e+01  5.62638900e+09  5.20991879e+06  1.00000000e-09
5.96000000e-07  4.82791929e+01  5.62637689e+09  5.20226904e+06  1.00000000e-09
5.97000000e-07  4.87086463e+01  5.62635458e+09  5.20824250e+06  1.00000000e-09
5.98000000e-07  4.91340638e+01  5.62632066e+09  5.22577041e+06  1.00000000e-09
5.99000000e-07  4.95555780e+01  5.62627362e+09  5.25275570e+06  1.00000000e-09
6.00000000e-07  4.99733558e+01  5.62621189e+09  5.28713641e+06  1.00000000e-09
6.01000000e-07  5.03876001e+01  5.62613383e+09  5.32691898e+06  1.00000000e-09
6.02000000e-07  5.07985516e+01  5.62603774e+09  5.37020763e+06  1.00000000e-09
6.03000000e-07  5.12064904e+01  5.62592184e+09  5.41522964e+06  1.00000000e-09
6.04000000e-07  5.16117373e+01  5.62578434e+09  5.46035627e+06  1.00000000e-09
6.05000000e-07  5.20146568e+01  5.62562338e+09  5.50411948e+06  1.00000000e-09
6.06000000e-07  5.24157019e+01  5.62543708e+09  5.54522452e+06  1.00000000e-09
6.07000000e-07  5.28154006e+01  5.62522353e+09  5.58255829e+06  1.00000000e-09
6.08000000e-07  5.32143544e+01  5.62511825e+09  5.61519394e+06  1.00000000e-09
6.09000000e-07  5.36132334e+01  5.62511428e+09  5.64239172e+06  1.00000000e-09
6.10000000e-07  5.40165444e+01  5.62510088e+09  5.66359645e+06  1.00000000e-09
6.11000000e-07  5.44252779e+01  5.62507665e+09  5.67843192e+06  1.00000000e-09
6.12000000e-07  5.48400290e+01  5.62504012e+09  5.68669250e+06  1.00000000e-09
6.13000000e-07  5.52613511e+01  5.62498971e+09  5.68833238e+06  1.00000000e-09
6.14000000e-07  5.56897551e+01  5.62492375e+09  5.68330089e+06  1.00000000e-09
6.15000000e-07  5.61257093e+01  5.62484053e+09  5.67123302e+06  1.00000000e-09
6.16000000e-07  5.65696398e+01  5.62473825e+09  5.65192763e+06  1.00000000e-09
6.17000000e-07  5.70219317e+01  5.62461506e+09  5.62534952e+06  1.00000000e-09
6.18000000e-07  5.74829295e+01  5.62446906e+09  5.59162884e+06  1.00000000e-09
6.19000000e-07  5.79529387e+01  5.62429833e+09  5.55105690e+06  1.00000000e-09
6.20000000e-07  5.84322275e+01  5.62410089e+09  5.50407868e+06  1.00000000e-09
6.21000000e-07  5.89210279e+01  5.62387475e+09  5.45128215e+06  1.00000000e-09
6.22000000e-07  5.94195378e+01  5.62377800e+09  5.39338462e+06  1.00000000e-09
6.23000000e-07  5.99279229e+01  5.62377298e+09  5.33121643e+06  1.00000000e-09
6.24000000e-07  6.04463181e+01  5.62375793e+09  5.26570245e+06  1.00000000e-09
6.25000000e-07  6.09748299e+01  5.62373138e+09  5.19784164e+06  1.00000000e-09
6.26000000e-07  6.15135379e+01  5.62369176e+09  5.12868514e+06  1.00000000e-09
6.27000000e-07  6.20624969e+01  5.62363742e+09  5.05931352e+06  1.00000000e-09
6.28000000e-07  6.26217381e+01  5.62356661e+09  4.99081341e+06  1.00000000e-09
6.29000000e-07  6.31912716e+01  5.62347752e+09  4.92425428e+06  1.00000000e-09
6.30000000e-07  6.37710873e+01  5.62336826e+09  4.86066560e+06  1.00000000e-09
6.31000000e-07  6.43611566e+01  5.62323689e+09  4.80101513e+06  1.00000000e-09
6.32000000e-07  6.49614343e+01  5.62308143e+09  4.74618851e+06  1.00000000e-09
6.33000000e-07  6.55718590e+01  5.62289986e+09  4.69697080e+06  1.00000000e-09
6.34000000e-07  6.61923552e+01  5.62269010e+09  4.65403023e+06  1.00000000e-09
6.35000000e-07  6.68228339e+01  5.62245009e+09  4.61790450e+06  1.00000000e-09
6.36000000e-07  6.74631938e+01  5.62235807e+09  4.58898995e+06  1.00000000e-09
6.37000000e-07  6.81133222e+01  5.62235030e+09  4.56753373e+06  1.00000000e-09
6.38000000e-07  6.87730959e+01  5.62233167e+09  4.55362926e+06  1.00000000e-09
6.39000000e-07  6.94423818e+01  5.62230064e+09  4.54721485e+06  1.00000000e-09
6.40000000e-07  7.01210379e+01  5.62225554e+09  4.54807567e+06  1.00000000e-09
6.41000000e-07  7.08089135e+01  5.62219462e+09  4.55543633e+06  1.00000000e-09
6.42000000e-07  7.15058500e+01  5.62211605e+09  4.56824588e+06  1.00000000e-09
6.43000000e-07  7.22116815e+01  5.62201792e+09  4.58544584e+06  1.00000000e-09
6.44000000e-07  7.29262350e+01  5.62189825e+09  4.60599024e+06  1.00000000e-09
6.45000000e-07  7.36493310e+01  5.62175500e+09  4.62886379e+06  1.00000000e-09
6.46000000e-07  7.43807838e+01  5.62158609e+09  4.65309812e+06  1.00000000e-09
6.47000000e-07  7.51204017e+01  5.62138940e+09  4.67778592e+06  1.00000000e-09
6.48000000e-07  7.58679876e+01  5.62116278e+09  4.70209289e+06  1.00000000e-09
6.49000000e-07  7.66233391e+01  5.62090405e+09  4.72526749e+06  1.00000000e-09
6.50000000e-07  7.73862490e+01  5.62077292e+09  4.74664842e+06  1.00000000e-09
6.51000000e-07  7.81565051e+01  5.62075525e+09  4.76566987e+06  1.00000000e-09
6.52000000e-07  7.89338910e+01  5.62072507e+09  4.78186472e+06  1.00000000e-09
6.53000000e-07  7.97181862e+01  5.62068072e+09  4.79486563e+06  1.00000000e-09
6.54000000e-07  8.05091660e+01  5.62062043e+09  4.80440425e+06  1.00000000e-09
6.55000000e-07  8.13066024e+01  5.62054235e+09  4.81030862e+06  1.00000000e-09
6.56000000e-07  8.21102637e+01  5.62044453e+09  4.81249906e+06  1.00000000e-09
6.57000000e-07  8.29199152e+01  5.62032497e+09  4.81098255e+06  1.00000000e-09
6.58000000e-07  8.37353192e+01  5.62018159e+09  4.80553468e+06  1.00000000e-09
6.59000000e-07  8.45562355e+01  5.62001226e+09  4.79598980e+06  1.00000000e-09
6.60000000e-07  8.53824214e+01  5.61981480e+09  4.78227795e+06  1.00000000e-09
6.61000000e-07  8.62136320e+01  5.61958701e+09  4.76442610e+06  1.00000000e-09
6.62000000e-07  8.70496206e+01  5.61932697e+09  4.74255714e+06  1.00000000e-09
6.63000000e-07  8.78901389e+01  5.61903274e+09  4.71688687e+06  1.00000000e-09
6.64000000e-07  8.87349369e+01  5.61870237e+09  4.68771892e+06  1.00000000e-09
6.65000000e-07  8.95837637e+01  5.61861438e+09  4.65543776e+06  1.00000000e-09
6.66000000e-07  9.04363674e+01  5.61854151e+09  4.62049999e+06  1.00000000e-09
6.67000000e-07  9.12924954e+01  5.61845014e+09  4.58342407e+06  1.00000000e-09
6.68000000e-07  9.21518943e+01  5.61833859e+09  4.54477872e+06  1.00000000e-09
6.69000000e-07  9.30143108e+01  5.61820522e+09  4.50517033e+06  1.00000000e-09
6.70000000e-07  9.38794913e+01  5.61804832e+09  4.46522948e+06  1.00000000e-09
6.71000000e-07  9.47471824e+01  5.61786613e+09  4.42559710e+06  1.00000000e-09
6.72000000e-07  9.56171307e+01  5.61765681e+09  4.38691039e+06  1.00000000e-09
6.73000000e-07  9.64890835e+01  5.61741847e+09  4.34978888e+06  1.00000000e-09
6.74000000e-07  9.73627887e+01  5.61714920e+09  4.31482093e+06  1.00000000e-09
6.75000000e-07  9.82379950e+01  5.61684700e+09  4.28255093e+06  1.00000000e-09
6.76000000e-07  9.91144518e+01  5.61650988e+09  4.25346756e+06  1.00000000e-09
6.77000000e-07  9.99919101e+01  5.61613579e+09  4.22799322e+06  1.00000000e-09
6.78000000e-07  1.00870122e+02  5.61572265e+09  4.20647494e+06  1.00000000e-09
6.79000000e-07  1.01748840e+02  5.61526838e+09  4.18917704e+06  1.00000000e-09
6.80000000e-07  1.02627821e+02  5.61477086e+09  4.17627546e+06  1.00000000e-09
6.81000000e-07  1.03506821e+02  5.61426382e+09  4.16785412e+06  1.00000000e-09
6.82000000e-07  1.04385601e+02  5.61401993e+09  4.16390326e+06  1.00000000e-09
6.83000000e-07  1.05263921e+02  5.61374949e+09  4.16431974e+06  1.00000000e-09
6.84000000e-07  1.06141547e+02  5.61345073e+09  4.16866916e+06  1.00000000e-09
6.85000000e-07  1.07018249e+02  5.61312180e+09  4.17633740e+06  1.00000000e-09
6.86000000e-07  1.07893798e+02  5.61276079e+09  4.18670108e+06  1.00000000e-09
6.87000000e-07  1.08767974e+02  5.61236572e+09  4.19913962e+06  1.00000000e-09
6.88000000e-07  1.09641827e+02  5.61193455e+09  4.21304643e+06  1.00000000e-09
6.89000000e-07  1.10515203e+02  5.61146516e+09  4.22783897e+06  1.00000000e-09
6.90000000e-07  1.11387827e+02  5.61095540e+09  4.24296767e+06  1.00000000e-09
6.91000000e-07  1.12259407e+02  5.61040304e+09  4.25792360e+06  1.00000000e-09
6.92000000e-07  1.13129644e+02  5.60980585e+09  4.27224485e+06  1.00000000e-09
6.93000000e-07  1.13998231e+02  5.60916150e+09  4.28552158e+06  1.00000000e-09
6.94000000e-07  1.14864860e+02  5.60846766e+09  4.29739983e+06  1.00000000e-09
6.95000000e-07  1.15729222e+02  5.60772195e+09  4.30758395e+06  1.00000000e-09
6.96000000e-07  1.16591016e+02  5.60692196e+09  4.31583790e+06  1.00000000e-09
6.97000000e-07  1.17449950e+02  5.60606525e+09  4.32198526e+06  1.00000000e-09
6.98000000e-07  1.18305745e+02  5.60514935e+09  4.32590826e+06  1.00000000e-09
6.99000000e-07  1.19158160e+02  5.60417177e+09  4.32754565e+06  1.00000000e-09
7.00000000e-07  1.20006981e+02  5.60312999e+09  4.32688982e+06  1.00000000e-09
7.01000000e-07  1.20852034e+02  5.60202146e+09  4.32381748e+06  1.00000000e-09
7.02000000e-07  1.21693178e+02  5.60084360e+09  4.31821313e+06  1.00000000e-09
7.03000000e-07  1.22530312e+02  5.59959383e+09  4.31002025e+06  1.00000000e-09
7.04000000e-07  1.23363374e+02  5.59858856e+09  4.29924252e+06  1.00000000e-09
7.05000000e-07  1.24192338e+02  5.59762727e+09  4.28594362e+06  1.00000000e-09
7.06000000e-07  1.25017216e+02  5.59660734e+09  4.27024579e+06  1.00000000e-09
7.07000000e-07  1.25838054e+02  5.59552606e+09  4.25232705e+06  1.00000000e-09
7.08000000e-07  1.26654931e+02  5.59438064e+09  4.23241714e+06  1.00000000e-09
7.09000000e-07  1.27467954e+02  5.59316826e+09  4.21079237e+06  1.00000000e-09
7.10000000e-07  1.28277255e+02  5.59188603e+09  4.18776947e+06  1.00000000e-09
7.11000000e-07  1.29082988e+02  5.59053102e+09  4.16369847e+06  1.00000000e-09
7.12000000e-07  1.29885322e+02  5.58910026e+09  4.13895493e+06  1.00000000e-09
7.13000000e-07  1.30684438e+02  5.58759073e+09  4.11393159e+06  1.00000000e-09
7.14000000e-07  1.31480523e+02  5.58599937e+09  4.08902968e+06  1.00000000e-09
7.15000000e-07  1.32273763e+02  5.58432310e+09  4.06465003e+06  1.00000000e-09
7.16000000e-07  1.33064343e+02  5.58255876e+09  4.04118419e+06  1.00000000e-09
7.17000000e-07  1.33852436e+02  5.58070319e+09  4.01900587e+06  1.00000000e-09
7.18000000e-07  1.34638199e+02  5.57875318e+09  3.99846263e+06  1.00000000e-09
7.19000000e-07  1.35421773e+02  5.57670547e+09  3.97986829e+06  1.00000000e-09
7.20000000e-07  1.36203273e+02  5.57455677e+09  3.96349603e+06  1.00000000e-09
7.21000000e-07  1.36982786e+02  5.57230374e+09  3.94957241e+06  1.00000000e-09
7.22000000e-07  1.37760368e+02  5.56994300e+09  3.93827238e+06  1.00000000e-09
7.23000000e-07  1.38536041e+02  5.56747112e+09  3.92971552e+06  1.00000000e-09
7.24000000e-07  1.39309788e+02  5.56488461e+09  3.92396335e+06  1.00000000e-09
7.25000000e-07  1.40081555e+02  5.56217994e+09  3.92101806e+06  1.00000000e-09
7.26000000e-07  1.40851249e+02  5.55935351e+09  3.92082239e+06  1.00000000e-09
7.27000000e-07  1.41618734e+02  5.55640165e+09  3.92315043e+06  1.00000000e-09
7.28000000e-07  1.42383838e+02  5.55332064e+09  3.92761473e+06  1.00000000e-09
7.29000000e-07  1.43146345e+02  5.55010668e+09  3.93382126e+06  1.00000000e-09
7.30000000e-07  1.43906004e+02  5.54675587e+09  3.94137615e+06  1.00000000e-09
7.31000000e-07  1.44662530e+02  5.54326426e+09  3.94989289e+06  1.00000000e-09
7.32000000e-07  1.45415602e+02  5.53962779e+09  3.95899885e+06  1.00000000e-09
7.33000000e-07  1.46164870e+02  5.53584233e+09  3.96834113e+06  1.00000000e-09
7.34000000e-07  1.46909961e+02  5.53190363e+09  3.97759163e+06  1.00000000e-09
7.35000000e-07  1.47650476e+02  5.52780735e+09  3.98645125e+06  1.00000000e-09
7.36000000e-07  1.48386003e+02  5.52354906e+09  3.99465342e+06  1.00000000e-09
7.37000000e-07  1.49116112e+02  5.51912422e+09  4.00196663e+06  1.00000000e-09
7.38000000e-07  1.49840371e+02  5.51452816e+09  4.00819627e+06  1.00000000e-09
7.39000000e-07  1.50558341e+02  5.50975615e+09  4.01318563e+06  1.00000000e-09
7.40000000e-07  1.51269586e+02  5.50480330e+09  4.01681610e+06  1.00000000e-09
7.41000000e-07  1.51973678e+02  5.49966464e+09  4.01900675e+06  1.00000000e-09
7.42000000e-07  1.52670199e+02  5.49433509e+09  4.01971314e+06  1.00000000e-09
7.43000000e-07  1.53358749e+02  5.48880947e+09  4.01892451e+06  1.00000000e-09
7.44000000e-07  1.54038947e+02  5.48347691e+09  4.01652396e+06  1.00000000e-09
7.45000000e-07  1.54710436e+02  5.47818620e+09  4.01243203e+06  1.00000000e-09
7.46000000e-07  1.55372889e+02  5.47271064e+09  4.00660812e+06  1.00000000e-09
7.47000000e-07  1.56026007e+02  5.46704577e+09  3.99905151e+06  1.00000000e-09
7.48000000e-07  1.56669524e+02  5.46118709e+09  3.98980132e+06  1.00000000e-09
7.49000000e-07  1.57303213e+02  5.45513003e+09  3.97893566e+06  1.00000000e-09
7.50000000e-07  1.57926878e+02  5.44886993e+09  3.96656991e+06  1.00000000e-09
7.51000000e-07  1.58540365e+02  5.44240210e+09  3.95285417e+06  1.00000000e-09
7.52000000e-07  1.59143554e+02  5.43572177e+09  3.93796987e+06  1.00000000e-09
7.53000000e-07  1.59736364e+02  5.42882411e+09  3.92212582e+06  1.00000000e-09
7.54000000e-07  1.60318751e+02  5.42170422e+09  3.90555349e+06  1.00000000e-09
7.55000000e-07  1.60890704e+02  5.41435714e+09  3.88850193e+06  1.00000000e-09
7.56000000e-07  1.61452248e+02  5.40677787e+09  3.87123225e+06  1.00000000e-09
7.57000000e-07  1.62003435e+02  5.39896132e+09  3.85401183e+06  1.00000000e-09
7.58000000e-07  1.62544348e+02  5.39090236e+09  3.83710840e+06  1.00000000e-09
7.59000000e-07  1.63075094e+02  5.38259581e+09  3.82078417e+06  1.00000000e-09
7.60000000e-07  1.63595803e+02  5.37403646e+09  3.80529000e+06  1.00000000e-09
7.61000000e-07  1.64106622e+02  5.36521903e+09  3.79085988e+06  1.00000000e-09
7.62000000e-07  1.64607712e+02  5.35613823e+09  3.77770584e+06  1.00000000e-09
7.63000000e-07  1.65099248e+02  5.34678874e+09  3.76601320e+06  1.00000000e-09
7.64000000e-07  1.65581408e+02  5.33716522e+09  3.75593658e+06  1.00000000e-09
7.65000000e-07  1.66054376e+02  5.32726232e+09  3.74759646e+06  1.00000000e-09
7.66000000e-07  1.66518336e+02  5.31707469e+09  3.74107656e+06  1.00000000e-09
7.67000000e-07  1.66973466e+02  5.30659699e+09  3.73642203e+06  1.00000000e-09
7.68000000e-07  1.67419940e+02  5.29582391e+09  3.73363840e+06  1.00000000e-09
7.69000000e-07  1.67857919e+02  5.28475015e+09  3.73269155e+06  1.00000000e-09
7.70000000e-07  1.68287555e+02  5.27337048e+09  3.73350837e+06  1.00000000e-09
7.71000000e-07  1.68708983e+02  5.26167971e+09  3.73582307e+06  1.00000000e-09
7.72000000e-07  1.69122323e+02  5.24967271e+09  3.73936671e+06  1.00000000e-09
7.73000000e-07  1.69527677e+02  5.23734444e+09  3.74386990e+06  1.00000000e-09
7.74000000e-07  1.69925128e+02  5.22468995e+09  3.74906776e+06  1.00000000e-09
7.75000000e-07  1.70314740e+02  5.21170440e+09  3.75470445e+06  1.00000000e-09
7.76000000e-07  1.70696556e+02  5.19838305e+09  3.76053730e+06  1.00000000e-09
7.77000000e-07  1.71070604e+02  5.18472130e+09  3.76634028e+06  1.00000000e-09
7.78000000e-07  1.71436890e+02  5.17071470e+09  3.77190701e+06  1.00000000e-09
7.79000000e-07  1.71795406e+02  5.15635894e+09  3.77705322e+06  1.00000000e-09
7.80000000e-07  1.72146126e+02  5.14164988e+09  3.78161859e+06  1.00000000e-09
7.81000000e-07  1.72489014e+02  5.12658358e+09  3.78546805e+06  1.00000000e-09
7.82000000e-07  1.72824021e+02  5.11115626e+09  3.78849255e+06  1.00000000e-09
7.83000000e-07  1.73151089e+02  5.09536435e+09  3.79060928e+06  1.00000000e-09
7.84000000e-07  1.73470154e+02  5.07920452e+09  3.79176142e+06  1.00000000e-09
7.85000000e-07  1.73781151e+02  5.06267363e+09  3.79191739e+06  1.00000000e-09
7.86000000e-07  1.74084014e+02  5.04576880e+09  3.79103971e+06  1.00000000e-09
7.87000000e-07  1.74378678e+02  5.02848737e+09  3.78905050e+06  1.00000000e-09
7.88000000e-07  1.74665087e+02  5.01082695e+09  3.78589811e+06  1.00000000e-09
7.89000000e-07  1.74943191e+02  4.99278541e+09  3.78155831e+06  1.00000000e-09
7.90000000e-07  1.75212952e+02  4.97436090e+09  3.77603486e+06  1.00000000e-09
7.91000000e-07  1.75474348e+02  4.95555184e+09  3.76935954e+06  1.00000000e-09
7.92000000e-07  1.75727372e+02  4.93824390e+09  3.76159149e+06  1.00000000e-09
7.93000000e-07  1.75972036e+02  4.92066498e+09  3.75281594e+06  1.00000000e-09
7.94000000e-07  1.76208373e+02  4.90275329e+09  3.74314241e+06  1.00000000e-09
7.95000000e-07  1.76436437e+02  4.88450702e+09  3.73270230e+06  1.00000000e-09
7.96000000e-07  1.76656306e+02  4.86592451e+09  3.72164604e+06  1.00000000e-09
7.97000000e-07  1.76868083e+02  4.84700436e+09  3.71013981e+06  1.00000000e-09
7.98000000e-07  1.77071893e+02  4.82774533e+09  3.69836188e+06  1.00000000e-09
7.99000000e-07  1.77267888e+02  4.80814641e+09  3.68649875e+06  1.00000000e-09
8.00000000e-07  1.77456243e+02  4.78820683e+09  3.67474098e+06  1.00000000e-09
8.01000000e-07  1.77637157e+02  4.76792602e+09  3.66327910e+06  1.00000000e-09
8.02000000e-07  1.77810852e+02  4.74730367e+09  3.65229938e+06  1.00000000e-09
8.03000000e-07  1.77977568e+02  4.72633970e+09  3.64197971e+06  1.00000000e-09
8.04000000e-07  1.78137568e+02  4.70503427e+09  3.63248578e+06  1.00000000e-09
8.05000000e-07  1.78291130e+02  4.68338780e+09  3.62396735e+06  1.00000000e-09
8.06000000e-07  1.78438546e+02  4.66140097e+09  3.61655499e+06  1.00000000e-09
8.07000000e-07  1.78580124e+02  4.63907471e+09  3.61035720e+06  1.00000000e-09
8.08000000e-07  1.78716176e+02  4.61641021e+09  3.60545800e+06  1.00000000e-09
8.09000000e-07  1.78847026e+02  4.59340892e+09  3.60191508e+06  1.00000000e-09
8.10000000e-07  1.78972999e+02  4.57007258e+09  3.59975844e+06  1.00000000e-09
8.11000000e-07  1.79094420e+02  4.54640317e+09  3.59898976e+06  1.00000000e-09
8.12000000e-07  1.79211613e+02  4.52240296e+09  3.59958224e+06  1.00000000e-09
8.13000000e-07  1.79324898e+02  4.49807447e+09  3.60136353e+06  1.00000000e-09
8.14000000e-07  1.79434585e+02  4.47342051e+09  3.60415236e+06  1.00000000e-09
8.15000000e-07  1.79540973e+02  4.44844416e+09  3.60776422e+06  1.00000000e-09
8.16000000e-07  1.79644350e+02  4.42427876e+09  3.61201494e+06  1.00000000e-09
8.17000000e-07  1.79744986e+02  4.40192495e+09  3.61672392e+06  1.00000000e-09
8.18000000e-07  1.79843135e+02  4.37929242e+09  3.62171714e+06  1.00000000e-09
8.19000000e-07  1.79939031e+02  4.35638064e+09  3.62682976e+06  1.00000000e-09
8.20000000e-07  1.80032886e+02  4.33318918e+09  3.63190843e+06  1.00000000e-09
8.21000000e-07  1.80124891e+02  4.30971770e+09  3.63681323e+06  1.00000000e-09
8.22000000e-07  1.80215214e+02  4.28596594e+09  3.64141921e+06  1.00000000e-09
8.23000000e-07  1.80303998e+02  4.26193377e+09  3.64561756e+06  1.00000000e-09
8.24000000e-07  1.80391365e+02  4.23762114e+09  3.64931644e+06  1.00000000e-09
8.25000000e-07  1.80477411e+02  4.21302811e+09  3.65244143e+06  1.00000000e-09
8.26000000e-07  1.80562209e+02  4.18815487e+09  3.65493557e+06  1.00000000e-09
8.27000000e-07  1.80645811e+02  4.16300174e+09  3.65675924e+06  1.00000000e-09
8.28000000e-07  1.80728248e+02  4.13756916e+09  3.65788954e+06  1.00000000e-09
8.29000000e-07  1.80809529e+02  4.11185778e+09  3.65831953e+06  1.00000000e-09
8.30000000e-07  1.80889648e+02  4.08586840e+09  3.65805719e+06  1.00000000e-09
8.31000000e-07  1.80968582e+02  4.05960205e+09  3.65706977e+06  1.00000000e-09
8.32000000e-07  1.81046292e+02  4.03403265e+09  3.65533115e+06  1.00000000e-09
8.33000000e-07  1.81122729e+02  4.01044643e+09  3.65283212e+06  1.00000000e-09
8.34000000e-07  1.81197834e+02  3.98654765e+09  3.64958058e+06  1.00000000e-09
8.35000000e-07  1.81271543e+02  3.96233202e+09  3.64560124e+06  1.00000000e-09
8.36000000e-07  1.81343784e+02  3.93779559e+09  3.64093502e+06  1.00000000e-09
8.37000000e-07  1.81414487e+02  3.91293482e+09  3.63563808e+06  1.00000000e-09
8.38000000e-07  1.81483580e+02  3.88774665e+09  3.62978047e+06  1.00000000e-09
8.39000000e-07  1.81550995e+02  3.86222864e+09  3.62344445e+06  1.00000000e-09
8.40000000e-07  1.81616670e+02  3.83637907e+09  3.61672263e+06  1.00000000e-09
8.41000000e-07  1.81680551e+02  3.81019702e+09  3.60971581e+06  1.00000000e-09
8.42000000e-07  1.81742593e+02  3.78368251e+09  3.60253060e+06  1.00000000e-09
8.43000000e-07  1.81802764e+02  3.75683657e+09  3.59527705e+06  1.00000000e-09
8.44000000e-07  1.81861044e+02  3.72966127e+09  3.58806605e+06  1.00000000e-09
8.45000000e-07  1.81917430e+02  3.70215970e+09  3.58100684e+06  1.00000000e-09
8.46000000e-07  1.81971933e+02  3.67433591e+09  3.57420450e+06  1.00000000e-09
8.47000000e-07  1.82024585e+02  3.64619476e+09  3.56775754e+06  1.00000000e-09
8.48000000e-07  1.82075431e+02  3.61774172e+09  3.56175567e+06  1.00000000e-09
8.49000000e-07  1.82124537e+02  3.58898269e+09  3.55627777e+06  1.00000000e-09
8.50000000e-07  1.82171989e+02  3.55992374e+09  3.55139006e+06  1.00000000e-09
8.51000000e-07  1.82217889e+02  3.53057100e+09  3.54714465e+06  1.00000000e-09
8.52000000e-07  1.82262357e+02  3.50093049e+09  3.54357831e+06  1.00000000e-09
8.53000000e-07  1.82305531e+02  3.47100802e+09  3.54071166e+06  1.00000000e-09
8.54000000e-07  1.82347567e+02  3.44080921e+09  3.53854870e+06  1.00000000e-09
8.55000000e-07  1.82388634e+02  3.41033945e+09  3.53707667e+06  1.00000000e-09
8.56000000e-07  1.82428917e+02  3.37960396e+09  3.53626642e+06  1.00000000e-09
8.57000000e-07  1.82468625e+02  3.34860783e+09  3.53607295e+06  1.00000000e-09
8.58000000e-07  1.82507985e+02  3.31735608e+09  3.53642512e+06  1.00000000e-09
8.59000000e-07  1.82547243e+02  3.28585374e+09  3.53720355e+06  1.00000000e-09
8.60000000e-07  1.82587576e+02  3.25410591e+09  3.53829059e+06  1.00000000e-09
8.61000000e-07  1.82629743e+02  3.22211780e+09  3.53957148e+06  1.00000000e-09
8.62000000e-07  1.82673893e+02  3.18989479e+09  3.54093632e+06  1.00000000e-09
8.63000000e-07  1.82720149e+02  3.15744249e+09  3.54228185e+06  1.00000000e-09
8.64000000e-07  1.82768613e+02  3.12476674e+09  3.54351295e+06  1.00000000e-09
8.65000000e-07  1.82819367e+02  3.09187364e+09  3.54454392e+06  1.00000000e-09
8.66000000e-07  1.82872470e+02  3.05956944e+09  3.54529948e+06  1.00000000e-09
8.67000000e-07  1.82927962e+02  3.02711099e+09  3.54571549e+06  1.00000000e-09
8.68000000e-07  1.82985864e+02  2.99438816e+09  3.54573949e+06  1.00000000e-09
8.69000000e-07  1.83046180e+02  2.96140547e+09  3.54531586e+06  1.00000000e-09
8.70000000e-07  1.83108896e+02  2.92816762e+09  3.54437421e+06  1.00000000e-09
8.71000000e-07  1.83173986e+02  2.89467942e+09  3.54285505e+06  1.00000000e-09
8.72000000e-07  1.83241406e+02  2.86345114e+09  3.54071122e+06  1.00000000e-09
8.73000000e-07  1.83311101e+02  2.84121390e+09  3.53790901e+06  1.00000000e-09
8.74000000e-07  1.83383005e+02  2.81870722e+09  3.53442896e+06  1.00000000e-09
8.75000000e-07  1.83457041e+02  2.79593361e+09  3.53026641e+06  1.00000000e-09
8.76000000e-07  1.83533124e+02  2.77447290e+09  3.52543166e+06  1.00000000e-09
8.77000000e-07  1.83611160e+02  2.75350242e+09  3.51994983e+06  1.00000000e-09
8.78000000e-07  1.83691048e+02  2.73229839e+09  3.51386038e+06  1.00000000e-09
8.79000000e-07  1.83772683e+02  2.71086137e+09  3.50721634e+06  1.00000000e-09
8.80000000e-07  1.83855955e+02  2.68919222e+09  3.50008319e+06  1.00000000e-09
8.81000000e-07  1.83940750e+02  2.66729211e+09  3.49253748e+06  1.00000000e-09
8.82000000e-07  1.84026950e+02  2.64516244e+09  3.48466526e+06  1.00000000e-09
8.83000000e-07  1.84114437e+02  2.62280481e+09  3.47656022e+06  1.00000000e-09
8.84000000e-07  1.84203093e+02  2.60022092e+09  3.46832170e+06  1.00000000e-09
8.85000000e-07  1.84292797e+02  2.57741258e+09  3.46005259e+06  1.00000000e-09
8.86000000e-07  1.84383430e+02  2.55438163e+09  3.45185710e+06  1.00000000e-09
8.87000000e-07  1.84474873e+02  2.53112989e+09  3.44383855e+06  1.00000000e-09
8.88000000e-07  1.84567009e+02  2.50765914e+09  3.43609715e+06  1.00000000e-09
8.89000000e-07  1.84659722e+02  2.48397107e+09  3.42872787e+06  1.00000000e-09
8.90000000e-07  1.84752901e+02  2.46006726e+09  3.42181837e+06  1.00000000e-09
8.91000000e-07  1.84846434e+02  2.43594914e+09  3.41544715e+06  1.00000000e-09
8.92000000e-07  1.84940215e+02  2.41161793e+09  3.40968185e+06  1.00000000e-09
8.93000000e-07  1.85034138e+02  2.38707471e+09  3.40457781e+06  1.00000000e-09
8.94000000e-07  1.85128105e+02  2.36232029e+09  3.40017691e+06  1.00000000e-09
8.95000000e-07  1.85222017e+02  2.33735529e+09  3.39650663e+06  1.00000000e-09
8.96000000e-07  1.85315781e+02  2.31218008e+09  3.39357949e+06  1.00000000e-09
8.97000000e-07  1.85409309e+02  2.28832725e+09  3.39139280e+06  1.00000000e-09
8.98000000e-07  1.85502515e+02  2.26554379e+09  3.38992869e+06  1.00000000e-09
8.99000000e-07  1.85595317e+02  2.24254337e+09  3.38915452e+06  1.00000000e-09
9.00000000e-07  1.85687641e+02  2.21932466e+09  3.38902359e+06  1.00000000e-09
9.01000000e-07  1.85779562e+02  2.19588638e+09  3.38945769e+06  1.00000000e-09
9.02000000e-07  1.85871367e+02  2.17222728e+09  3.39033780e+06  1.00000000e-09
9.03000000e-07  1.85962967e+02  2.14834609e+09  3.39154794e+06  1.00000000e-09
9.04000000e-07  1.86054273e+02  2.12424153e+09  3.39297634e+06  1.00000000e-09
9.05000000e-07  1.86145202e+02  2.09991225e+09  3.39451722e+06  1.00000000e-09
9.06000000e-07  1.86235670e+02  2.07535681e+09  3.39607219e+06  1.00000000e-09
9.07000000e-07  1.86325597e+02  2.05057370e+09  3.39755150e+06  1.00000000e-09
9.08000000e-07  1.86414907e+02  2.02556126e+09  3.39887505e+06  1.00000000e-09
9.09000000e-07  1.86503527e+02  2.00031773e+09  3.39997307e+06  1.00000000e-09
9.10000000e-07  1.86591389e+02  1.97484121e+09  3.40078668e+06  1.00000000e-09
9.11000000e-07  1.86678428e+02  1.94912967e+09  3.40126810e+06  1.00000000e-09
9.12000000e-07  1.86764581e+02  1.92318094e+09  3.40138072e+06  1.00000000e-09
9.13000000e-07  1.86849793e+02  1.89699273e+09  3.40109355e+06  1.00000000e-09
9.14000000e-07  1.86934011e+02  1.87056261e+09  3.40035388e+06  1.00000000e-09
9.15000000e-07  1.87017186e+02  1.84388807e+09  3.39911936e+06  1.00000000e-09
9.16000000e-07  1.87099274e+02  1.81696646e+09  3.39735886e+06  1.00000000e-09
9.17000000e-07  1.87180233e+02  1.78979509e+09  3.39505317e+06  1.00000000e-09
9.18000000e-07  1.87260029e+02  1.76237119e+09  3.39219534e+06  1.00000000e-09
9.19000000e-07  1.87338627e+02  1.73469197e+09  3.38879087e+06  1.00000000e-09
9.20000000e-07  1.87415999e+02  1.70675460e+09  3.38485754e+06  1.00000000e-09
9.21000000e-07  1.87492121e+02  1.67855629e+09  3.38042506e+06  1.00000000e-09
9.22000000e-07  1.87566969e+02  1.65102451e+09  3.37553438e+06  1.00000000e-09
9.23000000e-07  1.87640527e+02  1.62411059e+09  3.37023682e+06  1.00000000e-09
9.24000000e-07  1.87712780e+02  1.59691984e+09  3.36459291e+06  1.00000000e-09
9.25000000e-07  1.87783715e+02  1.56945206e+09  3.35867117e+06  1.00000000e-09
9.26000000e-07  1.87853324e+02  1.54170704e+09  3.35254653e+06  1.00000000e-09
9.27000000e-07  1.87921602e+02  1.51368459e+09  3.34629878e+06  1.00000000e-09
9.28000000e-07  1.87988545e+02  1.48538454e+09  3.34001085e+06  1.00000000e-09
9.29000000e-07  1.88054155e+02  1.45680668e+09  3.33376699e+06  1.00000000e-09
9.30000000e-07  1.88118434e+02  1.42795078e+09  3.32765105e+06  1.00000000e-09
9.31000000e-07  1.88181387e+02  1.39881664e+09  3.32174460e+06  1.00000000e-09
9.32000000e-07  1.88243024e+02  1.36940399e+09  3.31612528e+06  1.00000000e-09
9.33000000e-07  1.88303355e+02  1.33971260e+09  3.31086511e+06  1.00000000e-09
9.34000000e-07  1.88362394e+02  1.30974221e+09  3.30602896e+06  1.00000000e-09
9.35000000e-07  1.88420157e+02  1.27949257e+09  3.30167325e+06  1.00000000e-09
9.36000000e-07  1.88476662e+02  1.24896345e+09  3.29784471e+06  1.00000000e-09
9.37000000e-07  1.88531931e+02  1.21815465e+09  3.29457945e+06  1.00000000e-09
9.38000000e-07  1.88585987e+02  1.18706601e+09  3.29190223e+06  1.00000000e-09
9.39000000e-07  1.88638855e+02  1.15569744e+09  3.28982592e+06  1.00000000e-09
9.40000000e-07  1.88690563e+02  1.12404890e+09  3.28835134e+06  1.00000000e-09
9.41000000e-07  1.88741142e+02  1.09212048e+09  3.28746721e+06  1.00000000e-09
9.42000000e-07  1.88790621e+02  1.05991235e+09  3.28715050e+06  1.00000000e-09
9.43000000e-07  1.88839035e+02  1.02742484e+09  3.28736690e+06  1.00000000e-09
9.44000000e-07  1.88886417e+02  9.94658429e+08  3.28802654e+06  1.00000000e-09
9.45000000e-07  1.88932804e+02  9.61613749e+08  3.28903910e+06  1.00000000e-09
9.46000000e-07  1.88978231e+02  9.28291642e+08  3.29031611e+06  1.00000000e-09
9.47000000e-07  1.89022736e+02  8.94693157e+08  3.29177242e+06  1.00000000e-09
9.48000000e-07  1.89066355e+02  8.60819572e+08  2.60994211e+06  1.00000000e-09
9.49000000e-07  1.89109125e+02  8.26672414e+08  -2.92544409e+07  1.00000000e-09
9.50000000e-07  1.89151082e+02  7.92253478e+08  -6.08075900e+07  1.00000000e-09
9.51000000e-07  1.89192262e+02  7.57564837e+08  -9.20403121e+07  1.00000000e-09
9.52000000e-07  1.89232697e+02  7.22608861e+08  -1.22943665e+08  1.00000000e-09
9.53000000e-07  1.89272421e+02  6.87388230e+08  -1.53508980e+08  1.00000000e-09
9.54000000e-07  1.89311462e+02  6.51905944e+08  -1.83727883e+08  1.00000000e-09
9.55000000e-07  1.89349847e+02  6.16165336e+08  -2.13592317e+08  1.00000000e-09
9.56000000e-07  1.89387600e+02  5.80170075e+08  -2.43094567e+08  1.00000000e-09
9.57000000e-07  1.89424741e+02  5.43924180e+08  -2.72227282e+08  1.00000000e-09
9.58000000e-07  1.89461285e+02  5.07432017e+08  -3.00983501e+08  1.00000000e-09
9.59000000e-07  1.89497246e+02  4.70698307e+08  -3.29356682e+08  1.00000000e-09
9.60000000e-07  1.89532629e+02  4.33728125e+08  -3.57340724e+08  1.00000000e-09
9.61000000e-07  1.89567439e+02  4.17198614e+08  -3.84929999e+08  1.00000000e-09
9.62000000e-07  1.89601672e+02  4.12460147e+08  -4.12119377e+08  1.00000000e-09
9.63000000e-07  1.89635322e+02  4.07639281e+08  -4.38904257e+08  1.00000000e-09
9.64000000e-07  1.89668375e+02  4.02736978e+08  -4.65280590e+08  1.00000000e-09
9.65000000e-07  1.89700814e+02  3.97753957e+08  -4.91244914e+08  1.00000000e-09
9.66000000e-07  1.89732618e+02  3.92690680e+08  -5.16794374e+08  1.00000000e-09
9.67000000e-07  1.89763757e+02  3.87547334e+08  -5.41926750e+08  1.00000000e-09
9.68000000e-07  1.89794199e+02  3.82323827e+08  -5.66640483e+08  1.00000000e-09
9.69000000e-07  1.89823909e+02  3.77019790e+08  -5.90934694e+08  1.00000000e-09
9.70000000e-07  1.89852846e+02  3.71634574e+08  -6.14809207e+08  1.00000000e-09
9.71000000e-07  1.89880963e+02  3.66167270e+08  -6.38264567e+08  1.00000000e-09
9.72000000e-07  1.89908215e+02  3.60616715e+08  -6.61302052e+08  1.00000000e-09
9.73000000e-07  1.89934551e+02  3.54981514e+08  -6.83923688e+08  1.00000000e-09
9.74000000e-07  1.89959916e+02  3.49260065e+08  -7.06132258e+08  1.00000000e-09
9.75000000e-07  1.89984259e+02  3.43450582e+08  -7.27931305e+08  1.00000000e-09
9.76000000e-07  1.90007522e+02  3.37551122e+08  -7.49325132e+08  1.00000000e-09
9.77000000e-07  1.90029650e+02  3.31559617e+08  -7.70318804e+08  1.00000000e-09
9.78000000e-07  1.90050587e+02  3.25473904e+08  -7.90918138e+08  1.00000000e-09
9.79000000e-07  1.90070279e+02  3.20615710e+08  -8.11129690e+08  1.00000000e-09
9.80000000e-07  1.90088671e+02  3.20302930e+08  -8.30960744e+08  1.00000000e-09
9.81000000e-07  1.90105712e+02  3.19987843e+08  -8.50419287e+08  1.00000000e-09
9.82000000e-07  1.90121353e+02  3.19670400e+08  -8.69513991e+08  1.00000000e-09
9.83000000e-07  1.90135546e+02  3.19350580e+08  -8.88254176e+08  1.00000000e-09
9.84000000e-07  1.90148250e+02  3.19028388e+08  -9.06649788e+08  1.00000000e-09
9.85000000e-07  1.90159424e+02  3.18703849e+08  -9.24711352e+08  1.00000000e-09
9.86000000e-07  1.90169032e+02  3.18377008e+08  -9.42449942e+08  1.00000000e-09
9.87000000e-07  1.90177044e+02  3.18047927e+08  -9.59877129e+08  1.00000000e-09
9.88000000e-07  1.90183431e+02  3.17716684e+08  -9.77004941e+08  1.00000000e-09
9.89000000e-07  1.90188171e+02  3.17383366e+08  -9.93845810e+08  1.00000000e-09
9.90000000e-07  1.90191246e+02  3.17048068e+08  -1.01041253e+09  1.00000000e-09
9.91000000e-07  1.90192639e+02  3.16710890e+08  -1.02671817e+09  1.00000000e-09
9.92000000e-07  1.90192341e+02  3.16371932e+08  -1.04277609e+09  1.00000000e-09
9.93000000e-07  1.90190345e+02  3.16031290e+08  -1.05859981e+09  1.00000000e-09
9.94000000e-07  1.90186645e+02  3.15689054e+08  -1.07420298e+09  1.00000000e-09
9.95000000e-07  1.90181241e+02  3.15345302e+08  -1.08959936e+09  1.00000000e-09
9.96000000e-07  1.90174134e+02  3.15000099e+08  -1.10480271e+09  1.00000000e-09
9.97000000e-07  1.90165327e+02  3.14653494e+08  -1.11982677e+09  1.00000000e-09
9.98000000e-07  1.90154823e+02  3.14305515e+08  -1.13468520e+09  1.00000000e-09
9.99000000e-07  1.90142627e+02  3.13956166e+08  -1.14939154e+09  1.00000000e-09
1.00000000e-06  1.90128742e+02  3.13605429e+08  -1.17427073e+09  1.00000000e-09
1.00100000e-06  1.90113173e+02  3.13253255e+08  -1.21194798e+09  1.00000000e-09
1.00200000e-06  1.90095922e+02  3.12899572e+08  -1.24948665e+09  1.00000000e-09
1.00300000e-06  1.90076988e+02  3.12544273e+08  -1.28688090e+09  1.00000000e-09
1.00400000e-06  1.90056368e+02  3.12187224e+08  -1.32701458e+09  1.00000000e-09
1.00500000e-06  1.90034057e+02  3.11828259e+08  -1.36722907e+09  1.00000000e-09
1.00600000e-06  1.90010046e+02  3.11467185e+08  -1.40731533e+09  1.00000000e-09
1.00700000e-06  1.89984318e+02  3.11103775e+08  -1.44726554e+09  1.00000000e-09
1.00800000e-06  1.89956857e+02  3.10737776e+08  -1.48707202e+09  1.00000000e-09
1.00900000e-06  1.89927639e+02  3.10368907e+08  -1.52672728e+09  1.00000000e-09
1.01000000e-06  1.89896634e+02  3.09996864e+08  -1.56622395e+09  1.00000000e-09
1.01100000e-06  1.89863808e+02  3.09621318e+08  -1.60555481e+09  1.00000000e-09
1.01200000e-06  1.89829121e+02  3.09241919e+08  -1.64471279e+09  1.00000000e-09
1.01300000e-06  1.89792528e+02  3.08858301e+08  -1.68369096e+09  1.00000000e-09
1.01400000e-06  1.89753977e+02  3.08470083e+08  -1.72248254e+09  1.00000000e-09
1.01500000e-06  1.89713414e+02  3.08076869e+08  -1.76108089e+09  1.00000000e-09
1.01600000e-06  1.89670777e+02  3.07678258e+08  -1.79947950e+09  1.00000000e-09
1.01700000e-06  1.89625999e+02  3.07273842e+08  -1.83767200e+09  1.00000000e-09
1.01800000e-06  1.89579012e+02  3.06863209e+08  -1.87565215e+09  1.00000000e-09
1.01900000e-06  1.89529742e+02  3.06445951e+08  -1.91341385e+09  1.00000000e-09
1.02000000e-06  1.89478111e+02  3.06021660e+08  -1.95157694e+09  1.00000000e-09
1.02100000e-06  1.89424040e+02  3.05589937e+08  -1.99076313e+09  1.00000000e-09
1.02200000e-06  1.89367448e+02  3.05150389e+08  -2.02973705e+09  1.00000000e-09
1.02300000e-06  1.89308251e+02  3.04702636e+08  -2.06848997e+09  1.00000000e-09
1.02400000e-06  1.89246366e+02  3.04246310e+08  -2.10701330e+09  1.00000000e-09
1.02500000e-06  1.89181708e+02  3.03781059e+08  -2.14529858e+09  1.00000000e-09
1.02600000e-06  1.89114194e+02  3.03306544e+08  -2.18333747e+09  1.00000000e-09
1.02700000e-06  1.89043741e+02  3.02822445e+08  -2.22112179e+09  1.00000000e-09
1.02800000e-06  1.88970269e+02  3.02328459e+08  -2.25864348e+09  1.00000000e-09
1.02900000e-06  1.88893699e+02  3.01824297e+08  -2.29589466e+09  1.00000000e-09
1.03000000e-06  1.88813955e+02  3.01309690e+08  -2.33286760e+09  1.00000000e-09
1.03100000e-06  1.88730964e+02  3.00784384e+08  -2.36955473e+09  1.00000000e-09
1.03200000e-06  1.88644657e+02  3.00248139e+08  -2.40594868e+09  1.00000000e-09
1.03300000e-06  1.88554967e+02  2.99700729e+08  -2.44204226e+09  1.00000000e-09
1.03400000e-06  1.88461832e+02  2.99141939e+08  -2.47782846e+09  1.00000000e-09
1.03500000e-06  1.88365195e+02  2.98571565e+08  -2.51330050e+09  1.00000000e-09
1.03600000e-06  1.88265001e+02  2.97989408e+08  -2.54845179e+09  1.00000000e-09
1.03700000e-06  1.88161200e+02  2.97395274e+08  -2.58327597e+09  1.00000000e-09
1.03800000e-06  1.88053746e+02  2.96788972e+08  -2.61776689e+09  1.00000000e-09
1.03900000e-06  1.87942595e+02  2.96170310e+08  -2.65191867e+09  1.00000000e-09
1.04000000e-06  1.87827708e+02  2.95539090e+08  -2.68572563e+09  1.00000000e-09
1.04100000e-06  1.87709048e+02  2.94895111e+08  -2.71918236e+09  1.00000000e-09
1.04200000e-06  1.87586581e+02  2.94238159e+08  -2.75228372e+09  1.00000000e-09
1.04300000e-06  1.87460275e+02  2.93568010e+08  -2.78502479e+09  1.00000000e-09
1.04400000e-06  1.87330098e+02  2.92884424e+08  -2.81740096e+09  1.00000000e-09
1.04500000e-06  1.87196022e+02  2.92187145e+08  -2.84940786e+09  1.00000000e-09
1.04600000e-06  1.87058017e+02  2.91475897e+08  -2.88104141e+09  1.00000000e-09
1.04700000e-06  1.86916054e+02  2.90750382e+08  -2.91229781e+09  1.00000000e-09
1.04800000e-06  1.86770103e+02  2.90010281e+08  -2.94317353e+09  1.00000000e-09
1.04900000e-06  1.86620132e+02  2.89255250e+08  -2.97366534e+09  1.00000000e-09
1.05000000e-06  1.86466108e+02  2.88484919e+08  -3.00377028e+09  1.00000000e-09
1.05100000e-06  1.86307997e+02  2.87698895e+08  -3.03348570e+09  1.00000000e-09
1.05200000e-06  1.86145760e+02  2.86896758e+08  -3.06280923e+09  1.00000000e-09
1.05300000e-06  1.85979358e+02  2.86078061e+08  -3.09173878e+09  1.00000000e-09
1.05400000e-06  1.85808744e+02  2.85242335e+08  -3.12027256e+09  1.00000000e-09
1.05500000e-06  1.85633873e+02  2.84389085e+08  -3.14840909e+09  1.00000000e-09
1.05600000e-06  1.85454692e+02  2.83517794e+08  -3.17614714e+09  1.00000000e-09
1.05700000e-06  1.85271146e+02  2.82627925e+08  -3.20348579e+09  1.00000000e-09
1.05800000e-06  1.85083177e+02  2.81718921e+08  -3.23042442e+09  1.00000000e-09
1.05900000e-06  1.84890720e+02  2.80790206e+08  -3.25696267e+09  1.00000000e-09
1.06000000e-06  1.84693709e+02  2.79841192e+08  -3.28310048e+09  1.00000000e-09
1.06100000e-06  1.84492075e+02  2.78871279e+08  -3.30883805e+09  1.00000000e-09
1.06200000e-06  1.84285744e+02  2.77879856e+08  -3.33417589e+09  1.00000000e-09
1.06300000e-06  1.84074640e+02  2.76866305e+08  -3.35911475e+09  1.00000000e-09
1.06400000e-06  1.83858685e+02  2.75830005e+08  -3.38365567e+09  1.00000000e-09
1.06500000e-06  1.83637800e+02  2.74770335e+08  -3.40779996e+09  1.00000000e-09
1.06600000e-06  1.83411903e+02  2.73686674e+08  -3.43154918e+09  1.00000000e-09
1.06700000e-06  1.83180913e+02  2.72578404e+08  -3.45490516e+09  1.00000000e-09
1.06800000e-06  1.82944748e+02  2.71444917e+08  -3.47786998e+09  1.00000000e-09
1.06900000e-06  1.82703327e+02  2.70285611e+08  -3.50044596e+09  1.00000000e-09
1.07000000e-06  1.82456571e+02  2.69099898e+08  -3.52263569e+09  1.00000000e-09
1.07100000e-06  1.82204402e+02  2.68672085e+08  -3.54444199e+09  1.00000000e-09
1.07200000e-06  1.81946747e+02  2.68444715e+08  -3.56586789e+09  1.00000000e-09
1.07300000e-06  1.81683534e+02  2.68212529e+08  -3.58691668e+09  1.00000000e-09
1.07400000e-06  1.81414696e+02  2.67975370e+08  -3.60759187e+09  1.00000000e-09
1.07500000e-06  1.81140171e+02  2.67733089e+08  -3.62789716e+09  1.00000000e-09
1.07600000e-06  1.80859903e+02  2.67485549e+08  -3.64783647e+09  1.00000000e-09
1.07700000e-06  1.80573842e+02  2.67232620e+08  -3.66741393e+09  1.00000000e-09
1.07800000e-06  1.80281942e+02  2.66974181e+08  -3.68663386e+09  1.00000000e-09
1.07900000e-06  1.79984167e+02  2.66710121e+08  -3.70550075e+09  1.00000000e-09
1.08000000e-06  1.79680486e+02  2.66440330e+08  -3.72401927e+09  1.00000000e-09
1.08100000e-06  1.79370876e+02  2.66164707e+08  -3.74219425e+09  1.00000000e-09
1.08200000e-06  1.79055324e+02  2.65883150e+08  -3.76003069e+09  1.00000000e-09
1.08300000e-06  1.78733822e+02  2.65595559e+08  -3.77753372e+09  1.00000000e-09
1.08400000e-06  1.78406371e+02  2.65382953e+08  -3.79470861e+09  1.00000000e-09
1.08500000e-06  1.78072982e+02  2.65175839e+08  -3.81156074e+09  1.00000000e-09
1.08600000e-06  1.77733671e+02  2.64964860e+08  -3.82809560e+09  1.00000000e-09
1.08700000e-06  1.77388464e+02  2.64749783e+08  -3.84431879e+09  1.00000000e-09
1.08800000e-06  1.77037394e+02  2.64530369e+08  -3.86023598e+09  1.00000000e-09
1.08900000e-06  1.76680503e+02  2.64306375e+08  -3.87585292e+09  1.00000000e-09
1.09000000e-06  1.76317838e+02  2.64077557e+08  -3.89117541e+09  1.00000000e-09
1.09100000e-06  1.75949456e+02  2.63843668e+08  -3.90620930e+09  1.00000000e-09
1.09200000e-06  1.75575417e+02  2.63604466e+08  -3.92096045e+09  1.00000000e-09
1.09300000e-06  1.75195790e+02  2.63359708e+08  -3.93543477e+09  1.00000000e-09
1.09400000e-06  1.74810649e+02  2.63109157e+08  -3.94963815e+09  1.00000000e-09
1.09500000e-06  1.74420073e+02  2.62873050e+08  -3.96357648e+09  1.00000000e-09
1.09600000e-06  1.74024144e+02  2.62681968e+08  -3.97725562e+09  1.00000000e-09
1.09700000e-06  1.73622953e+02  2.62487497e+08  -3.99068138e+09  1.00000000e-09
1.09800000e-06  1.73216589e+02  2.62289550e+08  -4.00385957e+09  1.00000000e-09
1.09900000e-06  1.72805147e+02  2.62088026e+08  -4.01679588e+09  1.00000000e-09
1.10000000e-06  1.72388724e+02  2.61882808e+08  -4.02949598e+09  1.00000000e-09
1.10100000e-06  1.71967419e+02  2.61673767e+08  -4.04196542e+09  1.00000000e-09
1.10200000e-06  1.71541333e+02  2.61460757e+08  -4.05420969e+09  1.00000000e-09
1.10300000e-06  1.71110567e+02  2.61243617e+08  -4.06623416e+09  1.00000000e-09
1.10400000e-06  1.70675223e+02  2.61022171e+08  -4.07804410e+09  1.00000000e-09
1.10500000e-06  1.70235402e+02  2.60796230e+08  -4.08964467e+09  1.00000000e-09
1.10600000e-06  1.69791207e+02  2.60583320e+08  -4.10104090e+09  1.00000000e-09
1.10700000e-06  1.69342737e+02  2.60413594e+08  -4.11223772e+09  1.00000000e-09
1.10800000e-06  1.68890095e+02  2.60239877e+08  -4.12323990e+09  1.00000000e-09
1.10900000e-06  1.68433377e+02  2.60062087e+08  -4.13405210e+09  1.00000000e-09
1.11000000e-06  1.67972683e+02  2.59880144e+08  -4.14467886e+09  1.00000000e-09
1.11100000e-06  1.67508108e+02  2.59693972e+08  -4.15512455e+09  1.00000000e-09
1.11200000e-06  1.67039747e+02  2.59503498e+08  -4.16539346e+09  1.00000000e-09
1.11300000e-06  1.66567694e+02  2.59308649e+08  -4.17548971e+09  1.00000000e-09
1.11400000e-06  1.66092042e+02  2.59109353e+08  -4.18541731e+09  1.00000000e-09
1.11500000e-06  1.65612883e+02  2.58905533e+08  -4.19518016e+09  1.00000000e-09
1.11600000e-06  1.65130306e+02  2.58697112e+08  -4.20478202e+09  1.00000000e-09
1.11700000e-06  1.64644403e+02  2.58484005e+08  -4.21422656e+09  1.00000000e-09
1.11800000e-06  1.64155265e+02  2.58266121e+08  -4.22351733e+09  1.00000000e-09
1.11900000e-06  1.63662982e+02  2.58043361e+08  -4.23265779e+09  1.00000000e-09
1.12000000e-06  1.63167646e+02  2.57859052e+08  -4.24165129e+09  1.00000000e-09
1.12100000e-06  1.62669351e+02  2.57700090e+08  -4.25050112e+09  1.00000000e-09
1.12200000e-06  1.62168192e+02  2.57537229e+08  -4.25921047e+09  1.00000000e-09
1.12300000e-06  1.61664266e+02  2.57370291e+08  -4.26778248e+09  1.00000000e-09
1.12400000e-06  1.61157677e+02  2.57199102e+08  -4.27622021e+09  1.00000000e-09
1.12500000e-06  1.60648527e+02  2.57023492e+08  -4.28452667e+09  1.00000000e-09
1.12600000e-06  1.60136928e+02  2.56843296e+08  -4.29270482e+09  1.00000000e-09
1.12700000e-06  1.59622992e+02  2.56658355e+08  -4.30075760e+09  1.00000000e-09
1.12800000e-06  1.59106840e+02  2.56468516e+08  -4.30868787e+09  1.00000000e-09
1.12900000e-06  1.58588597e+02  2.56273630e+08  -4.31649850e+09  1.00000000e-09
1.13000000e-06  1.58068397e+02  2.56073555e+08  -4.32419233e+09  1.00000000e-09
1.13100000e-06  1.57546377e+02  2.55868155e+08  -4.33177214e+09  1.00000000e-09
1.13200000e-06  1.57022684e+02  2.55657297e+08  -4.33924076e+09  1.00000000e-09
1.13300000e-06  1.56497471e+02  2.55440854e+08  -4.34664615e+09  1.00000000e-09
1.13400000e-06  1.55970899e+02  2.55218701e+08  -4.35423949e+09  1.00000000e-09
1.13500000e-06  1.55443136e+02  2.54990715e+08  -4.36169978e+09  1.00000000e-09
1.13600000e-06  1.54914359e+02  2.54812252e+08  -4.36903011e+09  1.00000000e-09
1.13700000e-06  1.54384750e+02  2.54649356e+08  -4.37623358e+09  1.00000000e-09
1.13800000e-06  1.53854500e+02  2.54482714e+08  -4.38331321e+09  1.00000000e-09
1.13900000e-06  1.53323805e+02  2.54312145e+08  -4.39027200e+09  1.00000000e-09
1.14000000e-06  1.52792868e+02  2.54137462e+08  -4.39711293e+09  1.00000000e-09
1.14100000e-06  1.52261897e+02  2.53958471e+08  -4.40383895e+09  1.00000000e-09
1.14200000e-06  1.51732158e+02  2.53774976e+08  -4.41045297e+09  1.00000000e-09
1.14300000e-06  1.51203911e+02  2.53586777e+08  -4.41695791e+09  1.00000000e-09
1.14400000e-06  1.50677266e+02  2.53393672e+08  -4.42335665e+09  1.00000000e-09
1.14500000e-06  1.50152464e+02  2.53195460e+08  -4.42965206e+09  1.00000000e-09
1.14600000e-06  1.49629739e+02  2.52991937e+08  -4.43584700e+09  1.00000000e-09
1.14700000e-06  1.49109318e+02  2.52782903e+08  -4.44194432e+09  1.00000000e-09
1.14800000e-06  1.48591427e+02  2.52568158e+08  -4.44794687e+09  1.00000000e-09
1.14900000e-06  1.48076285e+02  2.52347504e+08  -4.45385746e+09  1.00000000e-09
1.15000000e-06  1.47564104e+02  2.52120748e+08  -4.45967893e+09  1.00000000e-09
1.15100000e-06  1.47055085e+02  2.51887696e+08  -4.46541409e+09  1.00000000e-09
1.15200000e-06  1.46549423e+02  2.51648162e+08  -4.47106574e+09  1.00000000e-09
1.15300000e-06  1.46047299e+02  2.51427146e+08  -4.47663666e+09  1.00000000e-09
1.15400000e-06  1.45548882e+02  2.51253650e+08  -4.48212963e+09  1.00000000e-09
1.15500000e-06  1.45054328e+02  2.51076058e+08  -4.48754740e+09  1.00000000e-09
1.15600000e-06  1.44563780e+02  2.50894221e+08  -4.49289272e+09  1.00000000e-09
1.15700000e-06  1.44077366e+02  2.50707976e+08  -4.49816827e+09  1.00000000e-09
1.15800000e-06  1.43595198e+02  2.50517152e+08  -4.50337674e+09  1.00000000e-09
1.15900000e-06  1.43117376e+02  2.50321568e+08  -4.50852076e+09  1.00000000e-09
1.16000000e-06  1.42643981e+02  2.50121036e+08  -4.51390390e+09  1.00000000e-09
1.16100000e-06  1.42175083e+02  2.49915358e+08  -4.51924589e+09  1.00000000e-09
1.16200000e-06  1.41710732e+02  2.49704330e+08  -4.52454390e+09  1.00000000e-09
1.16300000e-06  1.41250968e+02  2.49487740e+08  -4.52979906e+09  1.00000000e-09
1.16400000e-06  1.40795812e+02  2.49265371e+08  -4.53501244e+09  1.00000000e-09
1.16500000e-06  1.40345273e+02  2.49037003e+08  -4.54018499e+09  1.00000000e-09
1.16600000e-06  1.39899345e+02  2.48802410e+08  -4.54531762e+09  1.00000000e-09
1.16700000e-06  1.39458010e+02  2.48561365e+08  -4.55041116e+09  1.00000000e-09
1.16800000e-06  1.39021234e+02  2.48313637e+08  -4.55546638e+09  1.00000000e-09
1.16900000e-06  1.38588972e+02  2.48058996e+08  -4.56048400e+09  1.00000000e-09
1.17000000e-06  1.38161170e+02  2.47797208e+08  -4.56546469e+09  1.00000000e-09
1.17100000e-06  1.37737757e+02  2.47528043e+08  -4.57040905e+09  1.00000000e-09
1.17200000e-06  1.37318656e+02  2.47251269e+08  -4.57531768e+09  1.00000000e-09
1.17300000e-06  1.36903779e+02  2.47022332e+08  -4.58019112e+09  1.00000000e-09
1.17400000e-06  1.36493027e+02  2.46822273e+08  -4.58502989e+09  1.00000000e-09
1.17500000e-06  1.36086293e+02  2.46617074e+08  -4.58983449e+09  1.00000000e-09
1.17600000e-06  1.35683463e+02  2.46406579e+08  -4.59460540e+09  1.00000000e-09
1.17700000e-06  1.35284414e+02  2.46190622e+08  -4.59934308e+09  1.00000000e-09
1.17800000e-06  1.34889018e+02  2.45969029e+08  -4.60404799e+09  1.00000000e-09
1.17900000e-06  1.34497138e+02  2.45741614e+08  -4.60872057e+09  1.00000000e-09
1.18000000e-06  1.34108634e+02  2.45508183e+08  -4.61336126e+09  1.00000000e-09
1.18100000e-06  1.33723359e+02  2.45268532e+08  -4.61797051e+09  1.00000000e-09
1.18200000e-06  1.33341161e+02  2.45022451e+08  -4.62254874e+09  1.00000000e-09
1.18300000e-06  1.32961886e+02  2.44769720e+08  -4.62709639e+09  1.00000000e-09
1.18400000e-06  1.32585374e+02  2.44510109e+08  -4.63197421e+09  1.00000000e-09
1.18500000e-06  1.32211463e+02  2.44243387e+08  -4.63693130e+09  1.00000000e-09
1.18600000e-06  1.31839988e+02  2.43969310e+08  -4.64184888e+09  1.00000000e-09
1.18700000e-06  1.31470781e+02  2.43687634e+08  -4.64672692e+09  1.00000000e-09
1.18800000e-06  1.31103674e+02  2.43398108e+08  -4.65156536e+09  1.00000000e-09
1.18900000e-06  1.30738495e+02  2.43100475e+08  -4.65636406e+09  1.00000000e-09
1.19000000e-06  1.30375070e+02  2.42794480e+08  -4.66112281e+09  1.00000000e-09
1.19100000e-06  1.30013228e+02  2.42479859e+08  -4.66584134e+09  1.00000000e-09
1.19200000e-06  1.29652795e+02  2.42156352e+08  -4.67051934e+09  1.00000000e-09
1.19300000e-06  1.29293595e+02  2.41823693e+08  -4.67515643e+09  1.00000000e-09
1.19400000e-06  1.28935455e+02  2.41481619e+08  -4.67975217e+09  1.00000000e-09
1.19500000e-06  1.28578200e+02  2.41209094e+08  -4.68430612e+09  1.00000000e-09
1.19600000e-06  1.28221657e+02  2.40962770e+08  -4.68881775e+09  1.00000000e-09
1.19700000e-06  1.27865653e+02  2.40709741e+08  -4.69328655e+09  1.00000000e-09
1.19800000e-06  1.27510017e+02  2.40449820e+08  -4.69771197e+09  1.00000000e-09
1.19900000e-06  1.27154577e+02  2.40182812e+08  -4.70209343e+09  1.00000000e-09
1.20000000e-06  1.26799164e+02  2.39908512e+08  -4.70643037e+09  1.00000000e-09
1.20100000e-06  1.26443611e+02  2.39626707e+08  -4.71072225e+09  1.00000000e-09
1.20200000e-06  1.26087751e+02  2.39337177e+08  -4.71496850e+09  1.00000000e-09
1.20300000e-06  1.25731422e+02  2.39039692e+08  -4.71916860e+09  1.00000000e-09
1.20400000e-06  1.25374460e+02  2.38734014e+08  -4.72332207e+09  1.00000000e-09
1.20500000e-06  1.25016708e+02  2.38419898e+08  -4.72742845e+09  1.00000000e-09
1.20600000e-06  1.24658011e+02  2.38097093e+08  -4.73148733e+09  1.00000000e-09
1.20700000e-06  1.24299086e+02  2.37765339e+08  -4.73549836e+09  1.00000000e-09
1.20800000e-06  1.23939859e+02  2.37424372e+08  -4.73946126e+09  1.00000000e-09
1.20900000e-06  1.23580171e+02  2.37073921e+08  -4.74337578e+09  1.00000000e-09
1.21000000e-06  1.23219866e+02  2.36713711e+08  -4.74724177e+09  1.00000000e-09
1.21100000e-06  1.22858786e+02  2.36343463e+08  -4.75105915e+09  1.00000000e-09
1.21200000e-06  1.22496776e+02  2.35962895e+08  -4.75482791e+09  1.00000000e-09
1.21300000e-06  1.22133682e+02  2.35571720e+08  -4.75854811e+09  1.00000000e-09
1.21400000e-06  1.21769353e+02  2.35169652e+08  -4.76221991e+09  1.00000000e-09
1.21500000e-06  1.21403638e+02  2.34756399e+08  -4.76584353e+09  1.00000000e-09
1.21600000e-06  1.21036388e+02  2.34331672e+08  -4.76941926e+09  1.00000000e-09
1.21700000e-06  1.20667459e+02  2.33895180e+08  -4.77294749e+09  1.00000000e-09
1.21800000e-06  1.20296707e+02  2.33544858e+08  -4.77642864e+09  1.00000000e-09
1.21900000e-06  1.19923991e+02  2.33230169e+08  -4.77986323e+09  1.00000000e-09
1.22000000e-06  1.19549174e+02  2.32906774e+08  -4.78325182e+09  1.00000000e-09
1.22100000e-06  1.19172119e+02  2.32574448e+08  -4.78659503e+09  1.00000000e-09
1.22200000e-06  1.18792693e+02  2.32232956e+08  -4.78989352e+09  1.00000000e-09
1.22300000e-06  1.18410768e+02  2.31882057e+08  -4.79314799e+09  1.00000000e-09
1.22400000e-06  1.18026216e+02  2.31521500e+08  -4.79635916e+09  1.00000000e-09
1.22500000e-06  1.17638911e+02  2.31151032e+08  -4.79952780e+09  1.00000000e-09
1.22600000e-06  1.17248731e+02  2.30770388e+08  -4.80265466e+09  1.00000000e-09
1.22700000e-06  1.16855558e+02  2.30379301e+08  -4.80574051e+09  1.00000000e-09
1.22800000e-06  1.16459272e+02  2.29977495e+08  -4.80878611e+09  1.00000000e-09
1.22900000e-06  1.16059758e+02  2.29564691e+08  -4.81179221e+09  1.00000000e-09
1.23000000e-06  1.15656902e+02  2.29140603e+08  -4.81475954e+09  1.00000000e-09
1.23100000e-06  1.15250592e+02  2.28704940e+08  -4.82680014e+09  1.00000000e-09
1.23200000e-06  1.14840718e+02  2.28257411e+08  -4.84758005e+09  1.00000000e-09
1.23300000e-06  1.14427170e+02  2.27797717e+08  -4.87669859e+09  1.00000000e-09
1.23400000e-06  1.14009840e+02  2.27325559e+08  -4.91370125e+09  1.00000000e-09
1.23500000e-06  1.13588620e+02  2.26840635e+08  -4.95808683e+09  1.00000000e-09
1.23600000e-06  1.13163403e+02  2.26342642e+08  -5.00931443e+09  1.00000000e-09
1.23700000e-06  1.12734083e+02  2.25831275e+08  -5.06680976e+09  1.00000000e-09
1.23800000e-06  1.12300555e+02  2.25306231e+08  -5.12997140e+09  1.00000000e-09
1.23900000e-06  1.11862714e+02  2.24767203e+08  -5.19817734e+09  1.00000000e-09
1.24000000e-06  1.11420455e+02  2.24259022e+08  -5.27079129e+09  1.00000000e-09
1.24100000e-06  1.10973674e+02  2.23868853e+08  -5.34112835e+09  1.00000000e-09
1.24200000e-06  1.10522268e+02  2.23468048e+08  -5.40900433e+09  1.00000000e-09
1.24300000e-06  1.10066134e+02  2.23056355e+08  -5.47429060e+09  1.00000000e-09
1.24400000e-06  1.09605172e+02  2.22633518e+08  -5.53690979e+09  1.00000000e-09
1.24500000e-06  1.09139282e+02  2.22199275e+08  -5.60369810e+09  1.00000000e-09
1.24600000e-06  1.08668366e+02  2.21753359e+08  -5.67520729e+09  1.00000000e-09
1.24700000e-06  1.08192329e+02  2.21295497e+08  -5.74525575e+09  1.00000000e-09
1.24800000e-06  1.07711080e+02  2.20825414e+08  -5.81331836e+09  1.00000000e-09
1.24900000e-06  1.07224530e+02  2.20342828e+08  -5.87892479e+09  1.00000000e-09
1.25000000e-06  1.06732597e+02  2.19847454e+08  -5.94166126e+09  1.00000000e-09
1.25100000e-06  1.06235201e+02  2.19339004e+08  -6.00117181e+09  1.00000000e-09
1.25200000e-06  1.05732272e+02  2.18817187e+08  -6.05714795e+09  1.00000000e-09
1.25300000e-06  1.05223744e+02  2.18281709e+08  -6.10928551e+09  1.00000000e-09
1.25400000e-06  1.04709562e+02  2.17732275e+08  -6.15733222e+09  1.00000000e-09
1.25500000e-06  1.04189676e+02  2.17168589e+08  -6.20105243e+09  1.00000000e-09
1.25600000e-06  1.03664050e+02  2.16590352e+08  -6.24026863e+09  1.00000000e-09
1.25700000e-06  1.03132657e+02  2.15997268e+08  -6.27486006e+09  1.00000000e-09
1.25800000e-06  1.02595482e+02  2.15389039e+08  -6.30476064e+09  1.00000000e-09
1.25900000e-06  1.02052523e+02  2.14765369e+08  -6.32995650e+09  1.00000000e-09
1.26000000e-06  1.01503791e+02  2.14316906e+08  -6.37249627e+09  1.00000000e-09
1.26100000e-06  1.00949311e+02  2.13868069e+08  -6.46496416e+09  1.00000000e-09
1.26200000e-06  1.00389123e+02  2.13407412e+08  -6.55292749e+09  1.00000000e-09
1.26300000e-06  9.98232834e+01  2.12934690e+08  -6.63567525e+09  1.00000000e-09
1.26400000e-06  9.92518621e+01  2.12449652e+08  -6.71250206e+09  1.00000000e-09
1.26500000e-06  9.86749462e+01  2.11952044e+08  -6.78277836e+09  1.00000000e-09
1.26600000e-06  9.80926380e+01  2.11441612e+08  -6.84595369e+09  1.00000000e-09
1.26700000e-06  9.75050559e+01  2.10918097e+08  -6.90117153e+09  1.00000000e-09
1.26800000e-06  9.69123336e+01  2.10381239e+08  -6.94776127e+09  1.00000000e-09
1.26900000e-06  9.63146197e+01  2.09830774e+08  -6.98543138e+09  1.00000000e-09
1.27000000e-06  9.57120770e+01  2.09266440e+08  -7.01398570e+09  1.00000000e-09
1.27100000e-06  9.51048822e+01  2.08687971e+08  -7.03332884e+09  1.00000000e-09
1.27200000e-06  9.44932239e+01  2.08095102e+08  -7.04346318e+09  1.00000000e-09
1.27300000e-06  9.38773026e+01  2.07487567e+08  -7.04448461e+09  1.00000000e-09
1.27400000e-06  9.32573285e+01  2.06865102e+08  -7.03657719e+09  1.00000000e-09
1.27500000e-06  9.26335205e+01  2.06227442e+08  -7.02000694e+09  1.00000000e-09
1.27600000e-06  9.20061044e+01  2.05574325e+08  -6.99511408e+09  1.00000000e-09
1.27700000e-06  9.13753115e+01  2.04905492e+08  -6.96222431e+09  1.00000000e-09
1.27800000e-06  9.07413766e+01  2.04220683e+08  -6.92173069e+09  1.00000000e-09
1.27900000e-06  9.01045362e+01  2.03519645e+08  -6.87408782e+09  1.00000000e-09
1.28000000e-06  8.94650269e+01  2.02802128e+08  -6.81980561e+09  1.00000000e-09
1.28100000e-06  8.88230833e+01  2.02067885e+08  -6.75944251e+09  1.00000000e-09
1.28200000e-06  8.81789360e+01  2.01316676e+08  -6.69359752e+09  1.00000000e-09
1.28300000e-06  8.75328104e+01  2.00682525e+08  -6.67658246e+09  1.00000000e-09
1.28400000e-06  8.68849245e+01  2.00160945e+08  -6.66220046e+09  1.00000000e-09
1.28500000e-06  8.62354873e+01  1.99626795e+08  -6.64535188e+09  1.00000000e-09
1.28600000e-06  8.55846975e+01  1.99079869e+08  -6.62626592e+09  1.00000000e-09
1.28700000e-06  8.49327421e+01  1.98519964e+08  -6.60517182e+09  1.00000000e-09
1.28800000e-06  8.42797953e+01  1.97946877e+08  -6.58229686e+09  1.00000000e-09
1.28900000e-06  8.36260174e+01  1.97360407e+08  -6.55786454e+09  1.00000000e-09
1.29000000e-06  8.29715539e+01  2.02462020e+08  -6.53209263e+09  1.00000000e-09
1.29100000e-06  8.23165355e+01  2.11057474e+08  -6.50519138e+09  1.00000000e-09
1.29200000e-06  8.16610773e+01  2.13723787e+08  -6.47736214e+09  1.00000000e-09
1.29300000e-06  8.10052788e+01  2.10692733e+08  -6.44879621e+09  1.00000000e-09
1.29400000e-06  8.03492244e+01  2.02206173e+08  -6.41967399e+09  1.00000000e-09
1.29500000e-06  7.96929837e+01  1.93549613e+08  -6.39015826e+09  1.00000000e-09
1.29600000e-06  7.90366119e+01  1.92864067e+08  -6.36038506e+09  1.00000000e-09
1.29700000e-06  7.83801512e+01  1.92163645e+08  -6.33048152e+09  1.00000000e-09
1.29800000e-06  7.77236317e+01  1.91448182e+08  -6.30056631e+09  1.00000000e-09
1.29900000e-06  7.70670728e+01  1.90717522e+08  -6.27075042e+09  1.00000000e-09
1.30000000e-06  7.64104849e+01  1.89971513e+08  -6.24113785e+09  1.00000000e-09
1.30100000e-06  7.57538710e+01  1.89210015e+08  -6.21182647e+09  1.00000000e-09
1.30200000e-06  7.50972285e+01  1.88432893e+08  -6.18290880e+09  1.00000000e-09
1.30300000e-06  7.44405516e+01  1.87640024e+08  -6.15447280e+09  1.00000000e-09
1.30400000e-06  7.37838330e+01  1.86831291e+08  -6.12660261e+09  1.00000000e-09
1.30500000e-06  7.31270664e+01  1.86006591e+08  -6.09937923e+09  1.00000000e-09
1.30600000e-06  7.24702485e+01  1.85165828e+08  -6.07288113e+09  1.00000000e-09
1.30700000e-06  7.18133817e+01  1.84308918e+08  -6.04718470e+09  1.00000000e-09
1.30800000e-06  7.11564816e+01  1.83435787e+08  -6.02236471e+09  1.00000000e-09
1.30900000e-06  7.04997161e+01  1.82546374e+08  -5.99849449e+09  1.00000000e-09
1.31000000e-06  6.98434876e+01  1.87652885e+08  -5.97564612e+09  1.00000000e-09
1.31100000e-06  6.91880336e+01  2.00914295e+08  -5.95389047e+09  1.00000000e-09
1.31200000e-06  6.85336115e+01  2.11132378e+08  -5.93329696e+09  1.00000000e-09
1.31300000e-06  6.78804938e+01  2.18488915e+08  -5.91393264e+09  1.00000000e-09
1.31400000e-06  6.72289655e+01  2.23175057e+08  -5.89585544e+09  1.00000000e-09
1.31500000e-06  6.65793209e+01  2.25389386e+08  -5.87910834e+09  1.00000000e-09
1.31600000e-06  6.59318615e+01  2.25335841e+08  -5.86373115e+09  1.00000000e-09
1.31700000e-06  6.52868927e+01  2.23221734e+08  -5.84976031e+09  1.00000000e-09
1.31800000e-06  6.46447221e+01  2.19255866e+08  -5.83722527e+09  1.00000000e-09
1.31900000e-06  6.40056563e+01  2.13647305e+08  -5.83403826e+09  1.00000000e-09
1.32000000e-06  6.33699993e+01  2.06565965e+08  -5.86586680e+09  1.00000000e-09
1.32100000e-06  6.27380500e+01  1.98179137e+08  -5.88983058e+09  1.00000000e-09
1.32200000e-06  6.21101007e+01  1.88656775e+08  -5.90637050e+09  1.00000000e-09
1.32300000e-06  6.14864349e+01  1.78169793e+08  -5.91596952e+09  1.00000000e-09
1.32400000e-06  6.08673264e+01  1.67246109e+08  -5.91914547e+09  1.00000000e-09
1.32500000e-06  6.02530371e+01  1.66097664e+08  -5.91644389e+09  1.00000000e-09
1.32600000e-06  5.96438167e+01  1.64933756e+08  -5.90843106e+09  1.00000000e-09
1.32700000e-06  5.90399011e+01  1.63754542e+08  -5.89568710e+09  1.00000000e-09
1.32800000e-06  5.84415119e+01  1.62560195e+08  -5.87879699e+09  1.00000000e-09
1.32900000e-06  5.78488557e+01  1.61350897e+08  -5.86727965e+09  1.00000000e-09
1.33000000e-06  5.72621237e+01  1.60126842e+08  -5.90369265e+09  1.00000000e-09
1.33100000e-06  5.66814911e+01  1.58888235e+08  -5.93987505e+09  1.00000000e-09
1.33200000e-06  5.61071176e+01  1.57635294e+08  -5.97554306e+09  1.00000000e-09
1.33300000e-06  5.55391464e+01  1.56368246e+08  -6.01041839e+09  1.00000000e-09
1.33400000e-06  5.49777054e+01  1.55087329e+08  -6.04423092e+09  1.00000000e-09
1.33500000e-06  5.44229066e+01  1.53792792e+08  -6.07672101e+09  1.00000000e-09
1.33600000e-06  5.38748468e+01  1.52484893e+08  -6.10764155e+09  1.00000000e-09
1.33700000e-06  5.33336079e+01  1.51163900e+08  -6.13675614e+09  1.00000000e-09
1.33800000e-06  5.27992577e+01  1.49830090e+08  -6.16384528e+09  1.00000000e-09
1.33900000e-06  5.22718499e+01  1.48483748e+08  -6.18870808e+09  1.00000000e-09
1.34000000e-06  5.17514253e+01  1.47125170e+08  -6.21116360e+09  1.00000000e-09
1.34100000e-06  5.12380123e+01  1.45754655e+08  -6.23105205e+09  1.00000000e-09
1.34200000e-06  5.07316276e+01  1.44372513e+08  -6.24823562e+09  1.00000000e-09
1.34300000e-06  5.02322768e+01  1.42979057e+08  -6.26259261e+09  1.00000000e-09
1.34400000e-06  4.97399557e+01  1.41574607e+08  -6.27401503e+09  1.00000000e-09
1.34500000e-06  4.92546504e+01  1.40159489e+08  -6.28241901e+09  1.00000000e-09
1.34600000e-06  4.87763389e+01  1.38734029e+08  -6.28774316e+09  1.00000000e-09
1.34700000e-06  4.83049912e+01  1.37298558e+08  -6.28995025e+09  1.00000000e-09
1.34800000e-06  4.78405706e+01  1.35853410e+08  -6.28902701e+09  1.00000000e-09
1.34900000e-06  4.73830343e+01  1.34398917e+08  -6.28498349e+09  1.00000000e-09
1.35000000e-06  4.69323341e+01  1.32935412e+08  -6.27785229e+09  1.00000000e-09
1.35100000e-06  4.64884176e+01  1.31463226e+08  -6.26768440e+09  1.00000000e-09
1.35200000e-06  4.60512285e+01  1.29982688e+08  -6.25454773e+09  1.00000000e-09
1.35300000e-06  4.56207073e+01  1.28494121e+08  -6.23853000e+09  1.00000000e-09
1.35400000e-06  4.51967925e+01  1.41625950e+08  -6.21973735e+09  1.00000000e-09
1.35500000e-06  4.47794209e+01  1.73170566e+08  -6.19830507e+09  1.00000000e-09
1.35600000e-06  4.43685283e+01  2.05218866e+08  -6.17438770e+09  1.00000000e-09
1.35700000e-06  4.39640500e+01  2.37666573e+08  -6.14815284e+09  1.00000000e-09
1.35800000e-06  4.35659216e+01  2.70405431e+08  -6.11977906e+09  1.00000000e-09
1.35900000e-06  4.31740796e+01  3.03324025e+08  -6.08945368e+09  1.00000000e-09
1.36000000e-06  4.27884615e+01  3.36308609e+08  -6.06614861e+09  1.00000000e-09
1.36100000e-06  4.24090069e+01  3.69243980e+08  -6.06110481e+09  1.00000000e-09
1.36200000e-06  4.20356571e+01  4.02014314e+08  -6.05453518e+09  1.00000000e-09
1.36300000e-06  4.16683565e+01  4.34503978e+08  -6.04643979e+09  1.00000000e-09
1.36400000e-06  4.13070523e+01  4.66598328e+08  -6.03682879e+09  1.00000000e-09
1.36500000e-06  4.09516949e+01  4.98184464e+08  -6.02572568e+09  1.00000000e-09
1.36600000e-06  4.06022385e+01  5.29151970e+08  -6.01316694e+09  1.00000000e-09
1.36700000e-06  4.02586414e+01  5.59393605e+08  -5.99919847e+09  1.00000000e-09
1.36800000e-06  3.99208658e+01  5.88806045e+08  -5.98386237e+09  1.00000000e-09
1.36900000e-06  3.95888785e+01  6.17290402e+08  -5.96721328e+09  1.00000000e-09
1.37000000e-06  3.92626510e+01  6.44752774e+08  -5.94931764e+09  1.00000000e-09
1.37100000e-06  3.89421595e+01  6.71104753e+08  -5.93025292e+09  1.00000000e-09
1.37200000e-06  3.86273853e+01  6.96263872e+08  -5.91010649e+09  1.00000000e-09
1.37300000e-06  3.83183148e+01  7.20154002e+08  -5.88897450e+09  1.00000000e-09
1.37400000e-06  3.80149395e+01  7.42705742e+08  -5.86696060e+09  1.00000000e-09
1.37500000e-06  3.77172564e+01  7.63856762e+08  -5.84417463e+09  1.00000000e-09
1.37600000e-06  3.74252679e+01  7.83551931e+08  -5.82073105e+09  1.00000000e-09
1.37700000e-06  3.71389816e+01  8.01743487e+08  -5.82582579e+09  1.00000000e-09
1.37800000e-06  3.68584108e+01  8.18391149e+08  -5.83340317e+09  1.00000000e-09
1.37900000e-06  3.65835743e+01  8.33414271e+08  -5.83923005e+09  1.00000000e-09
1.38000000e-06  3.63144961e+01  8.46740147e+08  -5.84319490e+09  1.00000000e-09
1.38100000e-06  3.60512060e+01  8.58306042e+08  -5.84520176e+09  1.00000000e-09
1.38200000e-06  3.57937391e+01  8.68059640e+08  -5.84517114e+09  1.00000000e-09
1.38300000e-06  3.55421359e+01  8.75959194e+08  -5.84304070e+09  1.00000000e-09
1.38400000e-06  3.52964422e+01  8.81973826e+08  -5.83876572e+09  1.00000000e-09
1.38500000e-06  3.50567090e+01  8.86083674e+08  -5.83231935e+09  1.00000000e-09
1.38600000e-06  3.48229927e+01  8.88279942e+08  -5.82369263e+09  1.00000000e-09
1.38700000e-06  3.45953545e+01  8.88564842e+08  -5.81289436e+09  1.00000000e-09
1.38800000e-06  3.43738606e+01  8.86950671e+08  -5.79994501e+09  1.00000000e-09
1.38900000e-06  3.41585821e+01  8.83467032e+08  -5.78487779e+09  1.00000000e-09
1.39000000e-06  3.39495949e+01  8.78152508e+08  -5.76774227e+09  1.00000000e-09
1.39100000e-06  3.37469790e+01  8.71054311e+08  -5.74860388e+09  1.00000000e-09
1.39200000e-06  3.35508193e+01  8.62491922e+08  -5.72754159e+09  1.00000000e-09
1.39300000e-06  3.33612044e+01  9.01749836e+08  -5.70464597e+09  1.00000000e-09
1.39400000e-06  3.31782274e+01  9.38732112e+08  -5.68002106e+09  1.00000000e-09
1.39500000e-06  3.30019847e+01  9.73404784e+08  -5.65378334e+09  1.00000000e-09
1.39600000e-06  3.28325767e+01  1.00573799e+09  -5.62607575e+09  1.00000000e-09
1.39700000e-06  3.26701070e+01  1.03570877e+09  -5.59708181e+09  1.00000000e-09
1.39800000e-06  3.25146822e+01  1.06330169e+09  -5.56698756e+09  1.00000000e-09
1.39900000e-06  3.23664121e+01  1.08850897e+09  -5.53597999e+09  1.00000000e-09
1.40000000e-06  3.22254089e+01  1.11133053e+09  -5.50424531e+09  1.00000000e-09
1.40100000e-06  3.20917871e+01  1.13177396e+09  -5.47196729e+09  1.00000000e-09
1.40200000e-06  3.19656635e+01  1.14985470e+09  -5.45254867e+09  1.00000000e-09
1.40300000e-06  3.18471564e+01  1.16559731e+09  -5.44726640e+09  1.00000000e-09
1.40400000e-06  3.17363857e+01  1.17903390e+09  -5.44153409e+09  1.00000000e-09
1.40500000e-06  3.16334726e+01  1.19020398e+09  -5.43541337e+09  1.00000000e-09
1.40600000e-06  3.15385386e+01  1.20308437e+09  -5.42900105e+09  1.00000000e-09
1.40700000e-06  3.14517061e+01  1.23270426e+09  -5.43335795e+09  1.00000000e-09
1.40800000e-06  3.13730974e+01  1.26103158e+09  -5.43735068e+09  1.00000000e-09
1.40900000e-06  3.13028345e+01  1.28803571e+09  -5.44102923e+09  1.00000000e-09
1.41000000e-06  3.12410385e+01  1.31369285e+09  -5.44444193e+09  1.00000000e-09
1.41100000e-06  3.11878297e+01  1.33798588e+09  -5.44763512e+09  1.00000000e-09
1.41200000e-06  3.11433266e+01  1.36090422e+09  -5.45065282e+09  1.00000000e-09
1.41300000e-06  3.11076458e+01  1.38244370e+09  -5.45353641e+09  1.00000000e-09
1.41400000e-06  3.10809013e+01  1.40260621e+09  -5.45632446e+09  1.00000000e-09
1.41500000e-06  3.10632045e+01  1.42139932e+09  -5.45905247e+09  1.00000000e-09
1.41600000e-06  3.10546629e+01  1.43883591e+09  -5.46175273e+09  1.00000000e-09
1.41700000e-06  3.10553804e+01  1.45493366e+09  -5.46445877e+09  1.00000000e-09
1.41800000e-06  3.10654564e+01  1.46971937e+09  -5.46719928e+09  1.00000000e-09
1.41900000e-06  3.10849850e+01  1.48322357e+09  -5.46999893e+09  1.00000000e-09
1.42000000e-06  3.11140551e+01  1.49547934e+09  -5.47287836e+09  1.00000000e-09
1.42100000e-06  3.11527495e+01  1.50652653e+09  -5.47585418e+09  1.00000000e-09
1.42200000e-06  3.12011452e+01  1.51640708e+09  -5.47941713e+09  1.00000000e-09
1.42300000e-06  3.12593113e+01  1.52516411e+09  -5.48426904e+09  1.00000000e-09
1.42400000e-06  3.13273091e+01  1.53284151e+09  -5.48884834e+09  1.00000000e-09
1.42500000e-06  3.14051924e+01  1.56067894e+09  -5.49316098e+09  1.00000000e-09
1.42600000e-06  3.14930054e+01  1.59685028e+09  -5.49721192e+09  1.00000000e-09
1.42700000e-06  3.15907827e+01  1.63145121e+09  -5.50100511e+09  1.00000000e-09
1.42800000e-06  3.16985489e+01  1.66445553e+09  -5.50454406e+09  1.00000000e-09
1.42900000e-06  3.18163182e+01  1.69584105e+09  -5.50783293e+09  1.00000000e-09
1.43000000e-06  3.19440934e+01  1.72558967e+09  -5.51087490e+09  1.00000000e-09
1.43100000e-06  3.20818655e+01  1.75368747e+09  -5.51367218e+09  1.00000000e-09
1.43200000e-06  3.22296134e+01  1.78012868e+09  -5.51622601e+09  1.00000000e-09
1.43300000e-06  3.23873036e+01  1.80492447e+09  -5.52024232e+09  1.00000000e-09
1.43400000e-06  3.25548892e+01  1.82808792e+09  -5.52441576e+09  1.00000000e-09
1.43500000e-06  3.27323102e+01  1.84963410e+09  -5.52858289e+09  1.00000000e-09
1.43600000e-06  3.29194928e+01  1.86958002e+09  -5.53272467e+09  1.00000000e-09
1.43700000e-06  3.31163496e+01  1.88794975e+09  -5.53682300e+09  1.00000000e-09
1.43800000e-06  3.33227790e+01  1.90477016e+09  -5.54086083e+09  1.00000000e-09
1.43900000e-06  3.35386658e+01  1.92006921e+09  -5.54482215e+09  1.00000000e-09
1.44000000e-06  3.37638803e+01  1.93387595e+09  -5.54869201e+09  1.00000000e-09
1.44100000e-06  3.39982797e+01  1.94622058e+09  -5.55245651e+09  1.00000000e-09
1.44200000e-06  3.42417070e+01  1.95759263e+09  -5.55610271e+09  1.00000000e-09
1.44300000e-06  3.44939925e+01  1.99329940e+09  -5.55961857e+09  1.00000000e-09
1.44400000e-06  3.47549533e+01  2.02767169e+09  -5.56299288e+09  1.00000000e-09
1.44500000e-06  3.50243946e+01  2.06069186e+09  -5.56621510e+09  1.00000000e-09
1.44600000e-06  3.53021096e+01  2.09234545e+09  -5.56927527e+09  1.00000000e-09
1.44700000e-06  3.55878807e+01  2.12262111e+09  -5.57216152e+09  1.00000000e-09
1.44800000e-06  3.58814804e+01  2.15151064e+09  -5.57485931e+09  1.00000000e-09
1.44900000e-06  3.61826716e+01  2.17900893e+09  -5.57735419e+09  1.00000000e-09
1.45000000e-06  3.64912090e+01  2.20511397e+09  -5.57963177e+09  1.00000000e-09
1.45100000e-06  3.68068404e+01  2.22983266e+09  -5.58167776e+09  1.00000000e-09
1.45200000e-06  3.71293071e+01  2.25318179e+09  -5.58347804e+09  1.00000000e-09
1.45300000e-06  3.74583459e+01  2.28085528e+09  -5.58501868e+09  1.00000000e-09
1.45400000e-06  3.77936897e+01  2.32061823e+09  -5.58628600e+09  1.00000000e-09
1.45500000e-06  3.81350692e+01  2.35919357e+09  -5.58726667e+09  1.00000000e-09
1.45600000e-06  3.84822141e+01  2.39655409e+09  -5.58794779e+09  1.00000000e-09
1.45700000e-06  3.88348543e+01  2.43267520e+09  -5.58831705e+09  1.00000000e-09
1.45800000e-06  3.91927216e+01  2.46753489e+09  -5.58836287e+09  1.00000000e-09
1.45900000e-06  3.95555506e+01  2.50111379e+09  -5.58807451e+09  1.00000000e-09
1.46000000e-06  3.99230803e+01  2.53339513e+09  -5.58744052e+09  1.00000000e-09
1.46100000e-06  4.02950555e+01  2.56436476e+09  -5.58644964e+09  1.00000000e-09
1.46200000e-06  4.06712278e+01  2.59401115e+09  -5.58509204e+09  1.00000000e-09
1.46300000e-06  4.10513567e+01  2.62232534e+09  -5.58335949e+09  1.00000000e-09
1.46400000e-06  4.14352111e+01  2.64930095e+09  -5.58124543e+09  1.00000000e-09
1.46500000e-06  4.18225700e+01  2.67493417e+09  -5.57874507e+09  1.00000000e-09
1.46600000e-06  4.22132235e+01  2.69922295e+09  -5.57585545e+09  1.00000000e-09
1.46700000e-06  4.26069737e+01  2.72216772e+09  -5.57257445e+09  1.00000000e-09
1.46800000e-06  4.30036355e+01  2.74377147e+09  -5.56889779e+09  1.00000000e-09
1.46900000e-06  4.34030369e+01  2.76403976e+09  -5.56482347e+09  1.00000000e-09
1.47000000e-06  4.38050200e+01  2.78298070e+09  -5.56035187e+09  1.00000000e-09
1.47100000e-06  4.42094410e+01  2.80060458e+09  -5.55548577e+09  1.00000000e-09
1.47200000e-06  4.46161704e+01  2.81692158e+09  -5.55023036e+09  1.00000000e-09
1.47300000e-06  4.50250937e+01  2.83194444e+09  -5.54459321e+09  1.00000000e-09
1.47400000e-06  4.54361109e+01  2.85590972e+09  -5.53858422e+09  1.00000000e-09
1.47500000e-06  4.58491365e+01  2.88391033e+09  -5.53221556e+09  1.00000000e-09
1.47600000e-06  4.62640996e+01  2.91066151e+09  -5.52550386e+09  1.00000000e-09
1.47700000e-06  4.66809436e+01  2.93615358e+09  -5.51847619e+09  1.00000000e-09
1.47800000e-06  4.70996253e+01  2.96037810e+09  -5.51116132e+09  1.00000000e-09
1.47900000e-06  4.75204918e+01  2.98332751e+09  -5.50358938e+09  1.00000000e-09
1.48000000e-06  4.79438606e+01  3.00499677e+09  -5.49579154e+09  1.00000000e-09
1.48100000e-06  4.83698014e+01  3.02538331e+09  -5.48779962e+09  1.00000000e-09
1.48200000e-06  4.87982237e+01  3.04448707e+09  -5.47964576e+09  1.00000000e-09
1.48300000e-06  4.92290424e+01  3.06231040e+09  -5.47136202e+09  1.00000000e-09
1.48400000e-06  4.96621774e+01  3.07885807e+09  -5.46298006e+09  1.00000000e-09
1.48500000e-06  5.00975542e+01  3.09413725e+09  -5.45453075e+09  1.00000000e-09
1.48600000e-06  5.05351051e+01  3.10815739e+09  -5.44604394e+09  1.00000000e-09
1.48700000e-06  5.09747702e+01  3.12700342e+09  -5.43754806e+09  1.00000000e-09
1.48800000e-06  5.14164989e+01  3.15166271e+09  -5.42906993e+09  1.00000000e-09
1.48900000e-06  5.18602505e+01  3.17513455e+09  -5.42063447e+09  1.00000000e-09
1.49000000e-06  5.23059947e+01  3.19740642e+09  -5.41226450e+09  1.00000000e-09
1.49100000e-06  5.27537126e+01  3.21846771e+09  -5.40398056e+09  1.00000000e-09
1.49200000e-06  5.32033971e+01  3.23830972e+09  -5.39580071e+09  1.00000000e-09
1.49300000e-06  5.36550529e+01  3.25692572e+09  -5.38774043e+09  1.00000000e-09
1.49400000e-06  5.41086967e+01  3.27431061e+09  -5.37981255e+09  1.00000000e-09
1.49500000e-06  5.45643573e+01  3.29046060e+09  -5.37202724e+09  1.00000000e-09
1.49600000e-06  5.50220753e+01  3.30537387e+09  -5.36439197e+09  1.00000000e-09
1.49700000e-06  5.54819021e+01  3.31905063e+09  -5.35691159e+09  1.00000000e-09
1.49800000e-06  5.59439002e+01  3.33149314e+09  -5.34958837e+09  1.00000000e-09
1.49900000e-06  5.64081415e+01  3.34270579e+09  -5.34242215e+09  1.00000000e-09
1.50000000e-06  5.68747071e+01  3.35269572e+09  -5.33541040e+09  1.00000000e-09
1.50100000e-06  5.73436857e+01  3.36147432e+09  -5.32854846e+09  1.00000000e-09
1.50200000e-06  5.78151725e+01  3.36905436e+09  -5.32182965e+09  1.00000000e-09
1.50300000e-06  5.82892681e+01  3.37544997e+09  -5.31524549e+09  1.00000000e-09
1.50400000e-06  5.87660770e+01  3.38067662e+09  -5.30878582e+09  1.00000000e-09
1.50500000e-06  5.92457058e+01  3.38475108e+09  -5.30243909e+09  1.00000000e-09
1.50600000e-06  5.97282623e+01  3.38769137e+09  -5.29619250e+09  1.00000000e-09
1.50700000e-06  6.02138534e+01  3.38951680e+09  -5.29003228e+09  1.00000000e-09
1.50800000e-06  6.07025835e+01  3.39024803e+09  -5.28394386e+09  1.00000000e-09
1.50900000e-06  6.11945534e+01  3.39138525e+09  -5.27790925e+09  1.00000000e-09
1.51000000e-06  6.16898586e+01  3.39993992e+09  -5.27191016e+09  1.00000000e-09
1.51100000e-06  6.21885874e+01  3.40729205e+09  -5.26592831e+09  1.00000000e-09
1.51200000e-06  6.26908199e+01  3.41344656e+09  -5.25994570e+09  1.00000000e-09
1.51300000e-06  6.31966268e+01  3.41840948e+09  -5.25394486e+09  1.00000000e-09
1.51400000e-06  6.37060676e+01  3.42218794e+09  -5.24790911e+09  1.00000000e-09
1.51500000e-06  6.42191898e+01  3.42479040e+09  -5.24182318e+09  1.00000000e-09
1.51600000e-06  6.47360279e+01  3.42622663e+09  -5.23567939e+09  1.00000000e-09
1.51700000e-06  6.52566026e+01  3.42650768e+09  -5.22947137e+09  1.00000000e-09
1.51800000e-06  6.57809198e+01  3.42563847e+09  -5.22319404e+09  1.00000000e-09
1.51900000e-06  6.63089699e+01  3.42363107e+09  -5.21684363e+09  1.00000000e-09
1.52000000e-06  6.68407278e+01  3.42049876e+09  -5.21041761e+09  1.00000000e-09
1.52100000e-06  6.73761523e+01  3.41625617e+09  -5.20391461e+09  1.00000000e-09
1.52200000e-06  6.79151862e+01  3.41091923e+09  -5.19733006e+09  1.00000000e-09
1.52300000e-06  6.84577560e+01  3.40450507e+09  -5.19065884e+09  1.00000000e-09
1.52400000e-06  6.90037724e+01  3.39703201e+09  -5.18389728e+09  1.00000000e-09
1.52500000e-06  6.95531305e+01  3.38851957e+09  -5.17704303e+09  1.00000000e-09
1.52600000e-06  7.01057099e+01  3.37896661e+09  -5.17009497e+09  1.00000000e-09
1.52700000e-06  7.06613734e+01  3.36837810e+09  -5.16305305e+09  1.00000000e-09
1.52800000e-06  7.12199695e+01  3.35676140e+09  -5.15591813e+09  1.00000000e-09
1.52900000e-06  7.17813331e+01  3.34412633e+09  -5.14869183e+09  1.00000000e-09
1.53000000e-06  7.23452860e+01  3.33048524e+09  -5.14137640e+09  1.00000000e-09
1.53100000e-06  7.29116385e+01  3.32178533e+09  -5.13397453e+09  1.00000000e-09
1.53200000e-06  7.34801901e+01  3.31399070e+09  -5.12648923e+09  1.00000000e-09
1.53300000e-06  7.40507309e+01  3.30508029e+09  -5.11892366e+09  1.00000000e-09
1.53400000e-06  7.46230427e+01  3.29504137e+09  -5.11128106e+09  1.00000000e-09
1.53500000e-06  7.51969001e+01  3.28386980e+09  -5.10356454e+09  1.00000000e-09
1.53600000e-06  7.57720774e+01  3.27156388e+09  -5.09577705e+09  1.00000000e-09
1.53700000e-06  7.63483495e+01  3.26111963e+09  -5.08792125e+09  1.00000000e-09
1.53800000e-06  7.69254945e+01  3.25004399e+09  -5.07999942e+09  1.00000000e-09
1.53900000e-06  7.75032990e+01  3.23806104e+09  -5.07201339e+09  1.00000000e-09
1.54000000e-06  7.80815590e+01  3.22519130e+09  -5.06396453e+09  1.00000000e-09
1.54100000e-06  7.86600802e+01  3.21145724e+09  -5.05585362e+09  1.00000000e-09
1.54200000e-06  7.92386785e+01  3.19688314e+09  -5.04768093e+09  1.00000000e-09
1.54300000e-06  7.98171801e+01  3.18149498e+09  -5.03944613e+09  1.00000000e-09
1.54400000e-06  8.03954213e+01  3.16532030e+09  -5.03114834e+09  1.00000000e-09
1.54500000e-06  8.09732484e+01  3.14838816e+09  -5.02278616e+09  1.00000000e-09
1.54600000e-06  8.15505167e+01  3.13072850e+09  -5.01435764e+09  1.00000000e-09
1.54700000e-06  8.21270903e+01  3.11237246e+09  -5.00586042e+09  1.00000000e-09
1.54800000e-06  8.27028408e+01  3.09335225e+09  -4.99729171e+09  1.00000000e-09
1.54900000e-06  8.32776463e+01  3.07370103e+09  -4.98864845e+09  1.00000000e-09
1.55000000e-06  8.38513903e+01  3.05345275e+09  -4.97992734e+09  1.00000000e-09
1.55100000e-06  8.44239601e+01  3.03264197e+09  -4.97112395e+09  1.00000000e-09
1.55200000e-06  8.49952461e+01  3.01130373e+09  -4.96223384e+09  1.00000000e-09
1.55300000e-06  8.55651396e+01  2.98947337e+09  -4.95325282e+09  1.00000000e-09
1.55400000e-06  8.61335317e+01  2.96718633e+09  -4.94417785e+09  1.00000000e-09
1.55500000e-06  8.67003122e+01  2.94909009e+09  -4.93500753e+09  1.00000000e-09
1.55600000e-06  8.72653677e+01  2.93140248e+09  -4.92574079e+09  1.00000000e-09
1.55700000e-06  8.78285805e+01  2.92821849e+09  -4.91637690e+09  1.00000000e-09
1.55800000e-06  8.83898276e+01  2.92951790e+09  -4.90691553e+09  1.00000000e-09
1.55900000e-06  8.89489791e+01  2.93035323e+09  -4.89735669e+09  1.00000000e-09
1.56000000e-06  8.95058977e+01  2.93072121e+09  -4.88770078e+09  1.00000000e-09
1.56100000e-06  9.00604373e+01  2.93061882e+09  -4.87794856e+09  1.00000000e-09
1.56200000e-06  9.06124427e+01  2.93004334e+09  -4.86810112e+09  1.00000000e-09
1.56300000e-06  9.11617488e+01  2.92898771e+09  -4.85815984e+09  1.00000000e-09
1.56400000e-06  9.17081804e+01  2.92744365e+09  -4.84812643e+09  1.00000000e-09
1.56500000e-06  9.22515513e+01  2.92540372e+09  -4.83800277e+09  1.00000000e-09
1.56600000e-06  9.27916652e+01  2.92286220e+09  -4.82779098e+09  1.00000000e-09
1.56700000e-06  9.33283145e+01  2.91981586e+09  -4.81749330e+09  1.00000000e-09
1.56800000e-06  9.38612817e+01  2.91626429e+09  -4.80711209e+09  1.00000000e-09
1.56900000e-06  9.43903389e+01  2.91221230e+09  -4.79664972e+09  1.00000000e-09
1.57000000e-06  9.49152482e+01  2.90766690e+09  -4.78610859e+09  1.00000000e-09
1.57100000e-06  9.54357629e+01  2.90263591e+09  -4.77549059e+09  1.00000000e-09
1.57200000e-06  9.59516275e+01  2.89712705e+09  -4.76479750e+09  1.00000000e-09
1.57300000e-06  9.64625787e+01  2.89114790e+09  -4.75403116e+09  1.00000000e-09
1.57400000e-06  9.69683460e+01  2.88470578e+09  -4.74319348e+09  1.00000000e-09
1.57500000e-06  9.74686528e+01  2.87779586e+09  -4.73228551e+09  1.00000000e-09
1.57600000e-06  9.79632169e+01  2.87041217e+09  -4.72130716e+09  1.00000000e-09
1.57700000e-06  9.84517517e+01  2.86254889e+09  -4.71025861e+09  1.00000000e-09
1.57800000e-06  9.89339669e+01  2.85420042e+09  -4.69914038e+09  1.00000000e-09
1.57900000e-06  9.94095693e+01  2.84536150e+09  -4.68795329e+09  1.00000000e-09
1.58000000e-06  9.98782637e+01  2.83602729e+09  -4.67669852e+09  1.00000000e-09
1.58100000e-06  1.00339754e+02  2.82619353e+09  -4.66537759e+09  1.00000000e-09
1.58200000e-06  1.00793743e+02  2.81585685e+09  -4.65399241e+09  1.00000000e-09
1.58300000e-06  1.01239935e+02  2.80501467e+09  -4.64254525e+09  1.00000000e-09
1.58400000e-06  1.01678033e+02  2.79366525e+09  -4.63103875e+09  1.00000000e-09
1.58500000e-06  1.02107744e+02  2.78180775e+09  -4.61947596e+09  1.00000000e-09
1.58600000e-06  1.02528775e+02  2.76944349e+09  -4.60786026e+09  1.00000000e-09
1.58700000e-06  1.02940837e+02  2.75657777e+09  -4.59619536e+09  1.00000000e-09
1.58800000e-06  1.03343643e+02  2.74321650e+09  -4.58448536e+09  1.00000000e-09
1.58900000e-06  1.03736910e+02  2.72936619e+09  -4.57273468e+09  1.00000000e-09
1.59000000e-06  1.04120357e+02  2.71503385e+09  -4.56094801e+09  1.00000000e-09
1.59100000e-06  1.04493707e+02  2.70022694e+09  -4.54913019e+09  1.00000000e-09
1.59200000e-06  1.04856691e+02  2.68495330e+09  -4.53728543e+09  1.00000000e-09
1.59300000e-06  1.05209039e+02  2.66922109e+09  -4.52541757e+09  1.00000000e-09
1.59400000e-06  1.05550489e+02  2.65303874e+09  -4.51353013e+09  1.00000000e-09
1.59500000e-06  1.05880784e+02  2.63641485e+09  -4.50162688e+09  1.00000000e-09
1.59600000e-06  1.06199671e+02  2.61935819e+09  -4.48971199e+09  1.00000000e-09
1.59700000e-06  1.06506905e+02  2.60187759e+09  -4.47778812e+09  1.00000000e-09
1.59800000e-06  1.06802245e+02  2.58398194e+09  -4.46585820e+09  1.00000000e-09
1.59900000e-06  1.07085458e+02  2.56567389e+09  -4.45392544e+09  1.00000000e-09
1.60000000e-06  1.07356320e+02  2.54695526e+09  -4.44199106e+09  1.00000000e-09
1.60100000e-06  1.07614613e+02  2.52782799e+09  -4.43005678e+09  1.00000000e-09
1.60200000e-06  1.07860129e+02  2.50829414e+09  -4.41812492e+09  1.00000000e-09
1.60300000e-06  1.08092672e+02  2.49054345e+09  -4.40619848e+09  1.00000000e-09
1.60400000e-06  1.08312054e+02  2.47351699e+09  -4.39428079e+09  1.00000000e-09
1.60500000e-06  1.08518103e+02  2.45598669e+09  -4.38237551e+09  1.00000000e-09
1.60600000e-06  1.08710658e+02  2.43795617e+09  -4.37048717e+09  1.00000000e-09
1.60700000e-06  1.08889575e+02  2.41971280e+09  -4.36188752e+09  1.00000000e-09
1.60800000e-06  1.09054727e+02  2.41103249e+09  -4.35721467e+09  1.00000000e-09
1.60900000e-06  1.09206005e+02  2.40162687e+09  -4.35228663e+09  1.00000000e-09
1.61000000e-06  1.09343320e+02  2.39147990e+09  -4.34718444e+09  1.00000000e-09
1.61100000e-06  1.09466607e+02  2.38057743e+09  -4.34183886e+09  1.00000000e-09
1.61200000e-06  1.09575823e+02  2.36890729e+09  -4.33623397e+09  1.00000000e-09
1.61300000e-06  1.09670954e+02  2.35645933e+09  -4.33036732e+09  1.00000000e-09
1.61400000e-06  1.09752010e+02  2.34322550e+09  -4.32423696e+09  1.00000000e-09
1.61500000e-06  1.09819035e+02  2.32919982e+09  -4.31784130e+09  1.00000000e-09
1.61600000e-06  1.09872104e+02  2.31437621e+09  -4.31117877e+09  1.00000000e-09
1.61700000e-06  1.09911326e+02  2.29874896e+09  -4.30424789e+09  1.00000000e-09
1.61800000e-06  1.09936845e+02  2.28231448e+09  -4.29704726e+09  1.00000000e-09
1.61900000e-06  1.09948846e+02  2.26507138e+09  -4.28957553e+09  1.00000000e-09
1.62000000e-06  1.09947551e+02  2.24702049e+09  -4.28183145e+09  1.00000000e-09
1.62100000e-06  1.09933225e+02  2.22816490e+09  -4.27381387e+09  1.00000000e-09
1.62200000e-06  1.09906173e+02  2.20850992e+09  -4.26591918e+09  1.00000000e-09
1.62300000e-06  1.09866747e+02  2.18806308e+09  -4.26031259e+09  1.00000000e-09
1.62400000e-06  1.09815342e+02  2.16683405e+09  -4.25443823e+09  1.00000000e-09
1.62500000e-06  1.09752400e+02  2.14483463e+09  -4.24829407e+09  1.00000000e-09
1.62600000e-06  1.09678408e+02  2.12207855e+09  -4.24187816e+09  1.00000000e-09
1.62700000e-06  1.09593901e+02  2.09858138e+09  -4.23518861e+09  1.00000000e-09
1.62800000e-06  1.09499460e+02  2.07436040e+09  -4.22822360e+09  1.00000000e-09
1.62900000e-06  1.09395710e+02  2.04943444e+09  -4.22098141e+09  1.00000000e-09
1.63000000e-06  1.09283323e+02  2.02382375e+09  -4.21346038e+09  1.00000000e-09
1.63100000e-06  1.09163018e+02  1.99754983e+09  -4.20565895e+09  1.00000000e-09
1.63200000e-06  1.09035552e+02  1.97063524e+09  -4.19757570e+09  1.00000000e-09
1.63300000e-06  1.08901727e+02  1.94310342e+09  -4.18920930e+09  1.00000000e-09
1.63400000e-06  1.08762382e+02  1.91497853e+09  -4.18055858e+09  1.00000000e-09
1.63500000e-06  1.08618394e+02  1.88628519e+09  -4.17162251e+09  1.00000000e-09
1.63600000e-06  1.08470673e+02  1.85704834e+09  -4.16240022e+09  1.00000000e-09
1.63700000e-06  1.08320160e+02  1.82729303e+09  -4.15289099e+09  1.00000000e-09
1.63800000e-06  1.08167823e+02  1.79704728e+09  -4.14309424e+09  1.00000000e-09
1.63900000e-06  1.08014651e+02  1.76633941e+09  -4.13300955e+09  1.00000000e-09
1.64000000e-06  1.07861654e+02  1.73519713e+09  -4.12263664e+09  1.00000000e-09
1.64100000e-06  1.07709855e+02  1.70364725e+09  -4.11197539e+09  1.00000000e-09
1.64200000e-06  1.07560283e+02  1.68936030e+09  -4.10327417e+09  1.00000000e-09
1.64300000e-06  1.07413972e+02  1.67552112e+09  -4.09484559e+09  1.00000000e-09
1.64400000e-06  1.07271953e+02  1.66155509e+09  -4.08612140e+09  1.00000000e-09
1.64500000e-06  1.07135248e+02  1.64744610e+09  -4.07710053e+09  1.00000000e-09
1.64600000e-06  1.07004867e+02  1.63317537e+09  -4.06778204e+09  1.00000000e-09
1.64700000e-06  1.06881805e+02  1.61871829e+09  -4.05816516e+09  1.00000000e-09
1.64800000e-06  1.06767151e+02  1.60404477e+09  -4.04824925e+09  1.00000000e-09
1.64900000e-06  1.06664162e+02  1.58912428e+09  -4.03803384e+09  1.00000000e-09
1.65000000e-06  1.06573492e+02  1.57392532e+09  -4.02751858e+09  1.00000000e-09
1.65100000e-06  1.06495748e+02  1.55841591e+09  -4.01670328e+09  1.00000000e-09
1.65200000e-06  1.06431450e+02  1.54256393e+09  -4.00558790e+09  1.00000000e-09
1.65300000e-06  1.06381123e+02  1.52633752e+09  -3.99417253e+09  1.00000000e-09
1.65400000e-06  1.06346214e+02  1.50970785e+09  -3.98245741e+09  1.00000000e-09
1.65500000e-06  1.06326591e+02  1.49264865e+09  -3.97044293e+09  1.00000000e-09
1.65600000e-06  1.06322045e+02  1.47513507e+09  -3.95812958e+09  1.00000000e-09
1.65700000e-06  1.06332274e+02  1.45714393e+09  -3.94551803e+09  1.00000000e-09
1.65800000e-06  1.06356886e+02  1.43865394e+09  -3.93260905e+09  1.00000000e-09
1.65900000e-06  1.06395409e+02  1.41964588e+09  -3.91940357e+09  1.00000000e-09
1.66000000e-06  1.06447292e+02  1.40010273e+09  -3.90590262e+09  1.00000000e-09
1.66100000e-06  1.06511923e+02  1.38000973e+09  -3.89210738e+09  1.00000000e-09
1.66200000e-06  1.06588730e+02  1.35935443e+09  -3.87801913e+09  1.00000000e-09
1.66300000e-06  1.06678375e+02  1.33812664e+09  -3.86363929e+09  1.00000000e-09
1.66400000e-06  1.06780287e+02  1.31631836e+09  -3.85792924e+09  1.00000000e-09
1.66500000e-06  1.06893829e+02  1.29392369e+09  -3.85269529e+09  1.00000000e-09
1.66600000e-06  1.07018297e+02  1.27093872e+09  -3.84758224e+09  1.00000000e-09
1.66700000e-06  1.07152960e+02  1.24736132e+09  -3.84258744e+09  1.00000000e-09
1.66800000e-06  1.07299079e+02  1.22319102e+09  -3.83770766e+09  1.00000000e-09
1.66900000e-06  1.07456234e+02  1.19842885e+09  -3.83293909e+09  1.00000000e-09
1.67000000e-06  1.07623610e+02  1.17307717e+09  -3.82827735e+09  1.00000000e-09
1.67100000e-06  1.07800321e+02  1.14713956e+09  -3.82371753e+09  1.00000000e-09
1.67200000e-06  1.07985425e+02  1.12062060e+09  -3.81925421e+09  1.00000000e-09
1.67300000e-06  1.08177933e+02  1.09352576e+09  -3.81488150e+09  1.00000000e-09
1.67400000e-06  1.08376824e+02  1.06586125e+09  -3.81059310e+09  1.00000000e-09
1.67500000e-06  1.08581049e+02  1.03763387e+09  -3.80638172e+09  1.00000000e-09
1.67600000e-06  1.08789543e+02  1.00885089e+09  -3.80223840e+09  1.00000000e-09
1.67700000e-06  1.09001236e+02  9.79519981e+08  -3.79815402e+09  1.00000000e-09
1.67800000e-06  1.09215058e+02  9.49649091e+08  -3.79411935e+09  1.00000000e-09
1.67900000e-06  1.09429947e+02  9.19246434e+08  -3.79012513e+09  1.00000000e-09
1.68000000e-06  1.09644862e+02  8.88320449e+08  -3.78616339e+09  1.00000000e-09
1.68100000e-06  1.09858783e+02  8.67851945e+08  -3.78222794e+09  1.00000000e-09
1.68200000e-06  1.10070724e+02  8.48237035e+08  -3.77831241e+09  1.00000000e-09
1.68300000e-06  1.10279736e+02  8.27713652e+08  -3.77441066e+09  1.00000000e-09
1.68400000e-06  1.10484912e+02  8.06283318e+08  -3.77051680e+09  1.00000000e-09
1.68500000e-06  1.10685398e+02  7.83952976e+08  -3.76662678e+09  1.00000000e-09
1.68600000e-06  1.10880390e+02  7.60735056e+08  -3.76273678e+09  1.00000000e-09
1.68700000e-06  1.11069149e+02  7.36647460e+08  -3.75884322e+09  1.00000000e-09
1.68800000e-06  1.11250998e+02  7.11713488e+08  -3.75494269e+09  1.00000000e-09
1.68900000e-06  1.11425331e+02  6.85961677e+08  -3.75103200e+09  1.00000000e-09
1.69000000e-06  1.11591616e+02  6.59425579e+08  -3.74710808e+09  1.00000000e-09
1.69100000e-06  1.11749397e+02  6.32143473e+08  -3.74317510e+09  1.00000000e-09
1.69200000e-06  1.11898292e+02  6.04158037e+08  -3.73924041e+09  1.00000000e-09
1.69300000e-06  1.12038003e+02  5.75515962e+08  -3.73531107e+09  1.00000000e-09
1.69400000e-06  1.12168301e+02  5.46267519e+08  -3.73139360e+09  1.00000000e-09
1.69500000e-06  1.12289036e+02  5.16466098e+08  -3.72749386e+09  1.00000000e-09
1.69600000e-06  1.12400121e+02  4.86167701e+08  -3.72361696e+09  1.00000000e-09
1.69700000e-06  1.12501536e+02  4.55430417e+08  -3.71976711e+09  1.00000000e-09
1.69800000e-06  1.12593318e+02  4.24313893e+08  -3.72600520e+09  1.00000000e-09
1.69900000e-06  1.12675558e+02  3.97727695e+08  -3.74246480e+09  1.00000000e-09
1.70000000e-06  1.12748395e+02  3.98384534e+08  -3.75892890e+09  1.00000000e-09
1.70100000e-06  1.12812012e+02  3.98747744e+08  -3.77535801e+09  1.00000000e-09
1.70200000e-06  1.12866634e+02  3.98813344e+08  -3.79170918e+09  1.00000000e-09
1.70300000e-06  1.12912525e+02  3.98579481e+08  -3.80793650e+09  1.00000000e-09
1.70400000e-06  1.12949986e+02  3.98045243e+08  -3.82399170e+09  1.00000000e-09
1.70500000e-06  1.12979351e+02  3.97210465e+08  -3.83982476e+09  1.00000000e-09
1.70600000e-06  1.13000982e+02  3.96075587e+08  -3.85538482e+09  1.00000000e-09
1.70700000e-06  1.13015269e+02  3.94641525e+08  -3.87062087e+09  1.00000000e-09
1.70800000e-06  1.13022622e+02  3.92909561e+08  -3.88548187e+09  1.00000000e-09
1.70900000e-06  1.13023466e+02  3.90881247e+08  -3.89991721e+09  1.00000000e-09
1.71000000e-06  1.13018239e+02  3.88558323e+08  -3.91387733e+09  1.00000000e-09
1.71100000e-06  1.13007382e+02  3.85942650e+08  -3.92731429e+09  1.00000000e-09
1.71200000e-06  1.12991337e+02  3.83036155e+08  -3.94018348e+09  1.00000000e-09
1.71300000e-06  1.12970534e+02  3.79842510e+08  -3.95244710e+09  1.00000000e-09
1.71400000e-06  1.12945391e+02  3.76366635e+08  -3.96407009e+09  1.00000000e-09
1.71500000e-06  1.12916300e+02  3.72612651e+08  -3.97501719e+09  1.00000000e-09
1.71600000e-06  1.12883623e+02  3.70774274e+08  -3.98525672e+09  1.00000000e-09
1.71700000e-06  1.12847691e+02  3.74398350e+08  -3.99476090e+09  1.00000000e-09
1.71800000e-06  1.12808794e+02  3.78136903e+08  -4.00350614e+09  1.00000000e-09
1.71900000e-06  1.12767186e+02  3.81993160e+08  -4.01147321e+09  1.00000000e-09
1.72000000e-06  1.12723087e+02  3.85970618e+08  -4.01864738e+09  1.00000000e-09
1.72100000e-06  1.12676685e+02  3.90072984e+08  -4.02501846e+09  1.00000000e-09
1.72200000e-06  1.12628149e+02  3.94304115e+08  -4.03058086e+09  1.00000000e-09
1.72300000e-06  1.12577637e+02  3.98667985e+08  -4.03533348e+09  1.00000000e-09
1.72400000e-06  1.12525306e+02  4.03169732e+08  -4.03927969e+09  1.00000000e-09
1.72500000e-06  1.12471325e+02  4.07814456e+08  -4.04242708e+09  1.00000000e-09
1.72600000e-06  1.12415872e+02  4.12607053e+08  -4.04478737e+09  1.00000000e-09
1.72700000e-06  1.12359145e+02  4.17552004e+08  -4.04637806e+09  1.00000000e-09
1.72800000e-06  1.12301357e+02  4.22653253e+08  -4.04722204e+09  1.00000000e-09
1.72900000e-06  1.12242736e+02  4.27914072e+08  -4.04734527e+09  1.00000000e-09
1.73000000e-06  1.12183517e+02  4.33336942e+08  -4.04677643e+09  1.00000000e-09
1.73100000e-06  1.12123945e+02  4.38923433e+08  -4.04554649e+09  1.00000000e-09
1.73200000e-06  1.12064263e+02  4.44674092e+08  -4.04368832e+09  1.00000000e-09
1.73300000e-06  1.12004708e+02  4.50588345e+08  -4.04123626e+09  1.00000000e-09
1.73400000e-06  1.11945505e+02  4.56664414e+08  -4.03822569e+09  1.00000000e-09
1.73500000e-06  1.11886858e+02  4.62899246e+08  -4.03469261e+09  1.00000000e-09
1.73600000e-06  1.11828946e+02  4.69288463e+08  -4.03067325e+09  1.00000000e-09
1.73700000e-06  1.11771910e+02  4.75826317e+08  -4.02620365e+09  1.00000000e-09
1.73800000e-06  1.11715851e+02  4.82505680e+08  -4.02131932e+09  1.00000000e-09
1.73900000e-06  1.11660823e+02  4.89318049e+08  -4.01605484e+09  1.00000000e-09
1.74000000e-06  1.11606832e+02  4.96253557e+08  -4.01044356e+09  1.00000000e-09
1.74100000e-06  1.11553831e+02  5.03301018e+08  -4.00451733e+09  1.00000000e-09
1.74200000e-06  1.11501725e+02  5.10447977e+08  -3.99830104e+09  1.00000000e-09
1.74300000e-06  1.11450367e+02  5.17681048e+08  -3.99181566e+09  1.00000000e-09
1.74400000e-06  1.11399554e+02  5.24985719e+08  -3.98508047e+09  1.00000000e-09
1.74500000e-06  1.11349029e+02  5.32342504e+08  -3.97811301e+09  1.00000000e-09
1.74600000e-06  1.11298484e+02  5.39726124e+08  -3.97092907e+09  1.00000000e-09
1.74700000e-06  1.11247570e+02  5.47112517e+08  -3.96354272e+09  1.00000000e-09
1.74800000e-06  1.11195911e+02  5.54478523e+08  -3.95596633e+09  1.00000000e-09
1.74900000e-06  1.11143113e+02  5.61801305e+08  -3.94821064e+09  1.00000000e-09
1.75000000e-06  1.11088773e+02  5.69058498e+08  -3.94028484e+09  1.00000000e-09
1.75100000e-06  1.11032480e+02  5.76228355e+08  -3.93219649e+09  1.00000000e-09
1.75200000e-06  1.10973817e+02  5.83289711e+08  -3.92395167e+09  1.00000000e-09
1.75300000e-06  1.10912358e+02  5.90221548e+08  -3.91555482e+09  1.00000000e-09
1.75400000e-06  1.10847663e+02  5.97003841e+08  -3.90700816e+09  1.00000000e-09
1.75500000e-06  1.10779278e+02  6.03617642e+08  -3.89831275e+09  1.00000000e-09
1.75600000e-06  1.10706742e+02  6.10045163e+08  -3.88946856e+09  1.00000000e-09
1.75700000e-06  1.10629595e+02  6.16269837e+08  -3.88047474e+09  1.00000000e-09
1.75800000e-06  1.10547387e+02  6.22276367e+08  -3.87132905e+09  1.00000000e-09
1.75900000e-06  1.10459699e+02  6.28050817e+08  -3.86202788e+09  1.00000000e-09
1.76000000e-06  1.10366151e+02  6.33582829e+08  -3.85256644e+09  1.00000000e-09
1.76100000e-06  1.10266413e+02  6.38863138e+08  -3.84293897e+09  1.00000000e-09
1.76200000e-06  1.10160217e+02  6.43883079e+08  -3.83705512e+09  1.00000000e-09
1.76300000e-06  1.10047358e+02  6.48634929e+08  -3.84862594e+09  1.00000000e-09
1.76400000e-06  1.09927696e+02  6.53111979e+08  -3.86009957e+09  1.00000000e-09
1.76500000e-06  1.09801155e+02  6.57308488e+08  -3.87148112e+09  1.00000000e-09
1.76600000e-06  1.09667718e+02  6.61219625e+08  -3.88277579e+09  1.00000000e-09
1.76700000e-06  1.09527427e+02  6.64841430e+08  -3.89398883e+09  1.00000000e-09
1.76800000e-06  1.09380371e+02  6.68170754e+08  -3.90512555e+09  1.00000000e-09
1.76900000e-06  1.09226687e+02  6.71205218e+08  -3.91619127e+09  1.00000000e-09
1.77000000e-06  1.09066549e+02  6.73943166e+08  -3.92719130e+09  1.00000000e-09
1.77100000e-06  1.08900164e+02  6.76380830e+08  -3.93813088e+09  1.00000000e-09
1.77200000e-06  1.08727764e+02  6.78514621e+08  -3.94901516e+09  1.00000000e-09
1.77300000e-06  1.08549600e+02  6.80341587e+08  -3.95984916e+09  1.00000000e-09
1.77400000e-06  1.08365939e+02  6.81859417e+08  -3.97063488e+09  1.00000000e-09
1.77500000e-06  1.08177049e+02  6.83066428e+08  -3.98151898e+09  1.00000000e-09
1.77600000e-06  1.07983203e+02  6.83961551e+08  -3.99248634e+09  1.00000000e-09
1.77700000e-06  1.07784667e+02  6.84544321e+08  -4.00352110e+09  1.00000000e-09
1.77800000e-06  1.07581700e+02  6.84814866e+08  -4.01460697e+09  1.00000000e-09
1.77900000e-06  1.07374541e+02  6.84773899e+08  -4.02573148e+09  1.00000000e-09
1.78000000e-06  1.07163417e+02  6.84422706e+08  -4.03688283e+09  1.00000000e-09
1.78100000e-06  1.06948527e+02  6.83763136e+08  -4.04804885e+09  1.00000000e-09
1.78200000e-06  1.06730050e+02  6.82797993e+08  -4.05921723e+09  1.00000000e-09
1.78300000e-06  1.06508136e+02  6.81531580e+08  -4.07037559e+09  1.00000000e-09
1.78400000e-06  1.06282905e+02  6.79968511e+08  -4.08151164e+09  1.00000000e-09
1.78500000e-06  1.06054451e+02  6.78113717e+08  -4.09261327e+09  1.00000000e-09
1.78600000e-06  1.05822834e+02  6.75972416e+08  -4.10366870e+09  1.00000000e-09
1.78700000e-06  1.05588088e+02  6.73550097e+08  -4.11466653e+09  1.00000000e-09
1.78800000e-06  1.05350216e+02  6.70852496e+08  -4.12559586e+09  1.00000000e-09
1.78900000e-06  1.05109194e+02  6.67885575e+08  -4.13644610e+09  1.00000000e-09
1.79000000e-06  1.04864970e+02  6.64655506e+08  -4.14720707e+09  1.00000000e-09
1.79100000e-06  1.04617468e+02  6.61168649e+08  -4.15786928e+09  1.00000000e-09
1.79200000e-06  1.04366593e+02  6.57431531e+08  -4.16842392e+09  1.00000000e-09
1.79300000e-06  1.04112226e+02  6.53450825e+08  -4.17886292e+09  1.00000000e-09
1.79400000e-06  1.03854234e+02  6.49233332e+08  -4.18917891e+09  1.00000000e-09
1.79500000e-06  1.03592470e+02  6.44785962e+08  -4.19936526e+09  1.00000000e-09
1.79600000e-06  1.03326777e+02  6.40115706e+08  -4.20941607e+09  1.00000000e-09
1.79700000e-06  1.03056988e+02  6.35229623e+08  -4.21932611e+09  1.00000000e-09
1.79800000e-06  1.02782936e+02  6.30134814e+08  -4.22909082e+09  1.00000000e-09
1.79900000e-06  1.02504448e+02  6.24838402e+08  -4.23870626e+09  1.00000000e-09
1.80000000e-06  1.02221356e+02  6.19346923e+08  -4.24816904e+09  1.00000000e-09
1.80100000e-06  1.01933494e+02  6.13664113e+08  -4.25747573e+09  1.00000000e-09
1.80200000e-06  1.01640704e+02  6.07794079e+08  -4.26662430e+09  1.00000000e-09
1.80300000e-06  1.01342836e+02  6.01741241e+08  -4.27561267e+09  1.00000000e-09
1.80400000e-06  1.01039751e+02  5.95510330e+08  -4.28443759e+09  1.00000000e-09
1.80500000e-06  1.00731321e+02  5.89106378e+08  -4.29309727e+09  1.00000000e-09
1.80600000e-06  1.00417432e+02  5.82534707e+08  -4.30159130e+09  1.00000000e-09
1.80700000e-06  1.00097983e+02  5.75800912e+08  -4.30992052e+09  1.00000000e-09
1.80800000e-06  9.97728887e+01  5.68910840e+08  -4.31808682e+09  1.00000000e-09
1.80900000e-06  9.94420777e+01  5.61870568e+08  -4.32609321e+09  1.00000000e-09
1.81000000e-06  9.91054931e+01  5.54686377e+08  -4.33394364e+09  1.00000000e-09
1.81100000e-06  9.87630922e+01  5.47364723e+08  -4.34164290e+09  1.00000000e-09
1.81200000e-06  9.84148457e+01  5.39912215e+08  -4.34919641e+09  1.00000000e-09
1.81300000e-06  9.80607370e+01  5.32335583e+08  -4.35661009e+09  1.00000000e-09
1.81400000e-06  9.77007609e+01  5.24641651e+08  -4.36389017e+09  1.00000000e-09
1.81500000e-06  9.73349228e+01  5.16837313e+08  -4.37104302e+09  1.00000000e-09
1.81600000e-06  9.69632372e+01  5.08929502e+08  -4.37807498e+09  1.00000000e-09
1.81700000e-06  9.65857266e+01  5.00925164e+08  -4.38499220e+09  1.00000000e-09
1.81800000e-06  9.62024199e+01  4.92831248e+08  -4.39180046e+09  1.00000000e-09
1.81900000e-06  9.58133512e+01  4.84654680e+08  -4.39850503e+09  1.00000000e-09
1.82000000e-06  9.54185586e+01  4.76402610e+08  -4.40511052e+09  1.00000000e-09
1.82100000e-06  9.50180831e+01  4.68082411e+08  -4.41162077e+09  1.00000000e-09
1.82200000e-06  9.46119673e+01  4.59701367e+08  -4.41803871e+09  1.00000000e-09
1.82300000e-06  9.42002545e+01  4.51266662e+08  -4.42436385e+09  1.00000000e-09
1.82400000e-06  9.37829884e+01  4.42785366e+08  -4.43059437e+09  1.00000000e-09
1.82500000e-06  9.33602116e+01  4.34264415e+08  -4.43672748e+09  1.00000000e-09
1.82600000e-06  9.29319660e+01  4.25710980e+08  -4.44275931e+09  1.00000000e-09
1.82700000e-06  9.24982925e+01  4.17133189e+08  -4.44868499e+09  1.00000000e-09
1.82800000e-06  9.20592303e+01  4.08539832e+08  -4.45449870e+09  1.00000000e-09
1.82900000e-06  9.16148179e+01  4.29262457e+08  -4.46019369e+09  1.00000000e-09
1.83000000e-06  9.11650930e+01  4.49864647e+08  -4.46576243e+09  1.00000000e-09
1.83100000e-06  9.07100932e+01  4.70273397e+08  -4.47119668e+09  1.00000000e-09
1.83200000e-06  9.02498567e+01  4.90958190e+08  -4.47648765e+09  1.00000000e-09
1.83300000e-06  8.97844229e+01  5.13760261e+08  -4.48162612e+09  1.00000000e-09
1.83400000e-06  8.93138340e+01  5.38437530e+08  -4.48660263e+09  1.00000000e-09
1.83500000e-06  8.88381356e+01  5.62939155e+08  -4.49140764e+09  1.00000000e-09
1.83600000e-06  8.83573779e+01  5.87261071e+08  -4.49603166e+09  1.00000000e-09
1.83700000e-06  8.78716172e+01  6.11399293e+08  -4.50046547e+09  1.00000000e-09
1.83800000e-06  8.73809170e+01  6.35349913e+08  -4.50470019e+09  1.00000000e-09
1.83900000e-06  8.68853494e+01  6.59109097e+08  -4.50872745e+09  1.00000000e-09
1.84000000e-06  8.63849958e+01  6.82673089e+08  -4.51253943e+09  1.00000000e-09
1.84100000e-06  8.58799487e+01  7.06038203e+08  -4.51612898e+09  1.00000000e-09
1.84200000e-06  8.53703124e+01  7.29200825e+08  -4.51948963e+09  1.00000000e-09
1.84300000e-06  8.48562037e+01  7.52157411e+08  -4.52261715e+09  1.00000000e-09
1.84400000e-06  8.43377530e+01  7.74904482e+08  -4.52550812e+09  1.00000000e-09
1.84500000e-06  8.38151047e+01  7.97438630e+08  -4.52815991e+09  1.00000000e-09
1.84600000e-06  8.32884175e+01  8.19756512e+08  -4.53057069e+09  1.00000000e-09
1.84700000e-06  8.27578647e+01  8.41854849e+08  -4.53273940e+09  1.00000000e-09
1.84800000e-06  8.22236341e+01  8.64221259e+08  -4.53466588e+09  1.00000000e-09
1.84900000e-06  8.16859276e+01  8.87772318e+08  -4.53635079e+09  1.00000000e-09
1.85000000e-06  8.11449611e+01  9.11128210e+08  -4.53779567e+09  1.00000000e-09
1.85100000e-06  8.06009632e+01  9.34286469e+08  -4.53900295e+09  1.00000000e-09
1.85200000e-06  8.00541750e+01  9.57244685e+08  -4.53997596e+09  1.00000000e-09
1.85300000e-06  7.95048484e+01  9.80000501e+08  -4.54071891e+09  1.00000000e-09
1.85400000e-06  7.89532453e+01  1.00255162e+09  -4.54123689e+09  1.00000000e-09
1.85500000e-06  7.83996359e+01  1.02489578e+09  -4.54153584e+09  1.00000000e-09
1.85600000e-06  7.78442975e+01  1.04703079e+09  -4.54162255e+09  1.00000000e-09
1.85700000e-06  7.72875124e+01  1.06895452e+09  -4.54150462e+09  1.00000000e-09
1.85800000e-06  7.67295668e+01  1.09066485e+09  -4.54119039e+09  1.00000000e-09
1.85900000e-06  7.61707487e+01  1.11215975e+09  -4.54068893e+09  1.00000000e-09
1.86000000e-06  7.56113460e+01  1.13343723e+09  -4.54000999e+09  1.00000000e-09
1.86100000e-06  7.50516454e+01  1.15449534e+09  -4.53916391e+09  1.00000000e-09
1.86200000e-06  7.44919302e+01  1.17533220e+09  -4.53816157e+09  1.00000000e-09
1.86300000e-06  7.39324787e+01  1.19594597e+09  -4.53701433e+09  1.00000000e-09
1.86400000e-06  7.33735629e+01  1.21633486e+09  -4.53573398e+09  1.00000000e-09
1.86500000e-06  7.28154472e+01  1.23649715e+09  -4.53433263e+09  1.00000000e-09
1.86600000e-06  7.22583866e+01  1.25643114e+09  -4.53282263e+09  1.00000000e-09
1.86700000e-06  7.17026261e+01  1.27613523e+09  -4.53121654e+09  1.00000000e-09
1.86800000e-06  7.11483994e+01  1.29560785e+09  -4.52952701e+09  1.00000000e-09
1.86900000e-06  7.05959282e+01  1.31484748e+09  -4.52776676e+09  1.00000000e-09
1.87000000e-06  7.00454218e+01  1.33385269e+09  -4.52594845e+09  1.00000000e-09
1.87100000e-06  6.94970762e+01  1.35355952e+09  -4.52408466e+09  1.00000000e-09
1.87200000e-06  6.89510744e+01  1.37448558e+09  -4.52218780e+09  1.00000000e-09
1.87300000e-06  6.84075862e+01  1.39522299e+09  -4.52027004e+09  1.00000000e-09
1.87400000e-06  6.78667684e+01  1.41577006e+09  -4.51834329e+09  1.00000000e-09
1.87500000e-06  6.73287648e+01  1.43612516e+09  -4.51641912e+09  1.00000000e-09
1.87600000e-06  6.67937074e+01  1.45628665e+09  -4.51450872e+09  1.00000000e-09
1.87700000e-06  6.62617166e+01  1.47625294e+09  -4.51262290e+09  1.00000000e-09
1.87800000e-06  6.57329024e+01  1.49602242e+09  -4.51077204e+09  1.00000000e-09
1.87900000e-06  6.52073653e+01  1.51559353e+09  -4.50896605e+09  1.00000000e-09
1.88000000e-06  6.46851972e+01  1.53496472e+09  -4.50721440e+09  1.00000000e-09
1.88100000e-06  6.41664831e+01  1.55413446e+09  -4.50552607e+09  1.00000000e-09
1.88200000e-06  6.36513016e+01  1.57310127e+09  -4.50390954e+09  1.00000000e-09
1.88300000e-06  6.31397269e+01  1.59186368e+09  -4.50237278e+09  1.00000000e-09
1.88400000e-06  6.26318297e+01  1.61042026e+09  -4.50092326e+09  1.00000000e-09
1.88500000e-06  6.21276785e+01  1.62876965e+09  -4.49956794e+09  1.00000000e-09
1.88600000e-06  6.16273410e+01  1.64691047e+09  -4.49831322e+09  1.00000000e-09
1.88700000e-06  6.11308878e+01  1.66484141e+09  -4.49716497e+09  1.00000000e-09
1.88800000e-06  6.06383921e+01  1.68304497e+09  -4.49612851e+09  1.00000000e-09
1.88900000e-06  6.01499311e+01  1.70340116e+09  -4.49520860e+09  1.00000000e-09
1.89000000e-06  5.96655856e+01  1.72358582e+09  -4.49440942e+09  1.00000000e-09
1.89100000e-06  5.91854405e+01  1.74359677e+09  -4.49373460e+09  1.00000000e-09
1.89200000e-06  5.87095849e+01  1.76343177e+09  -4.49318720e+09  1.00000000e-09
1.89300000e-06  5.82381117e+01  1.78308864e+09  -4.49276973e+09  1.00000000e-09
1.89400000e-06  5.77711172e+01  1.80256516e+09  -4.49248413e+09  1.00000000e-09
1.89500000e-06  5.73087005e+01  1.82185917e+09  -4.49233187e+09  1.00000000e-09
1.89600000e-06  5.68509632e+01  1.84096844e+09  -4.49231387e+09  1.00000000e-09
1.89700000e-06  5.63980080e+01  1.85989077e+09  -4.49243063e+09  1.00000000e-09
1.89800000e-06  5.59499382e+01  1.87862395e+09  -4.49268217e+09  1.00000000e-09
1.89900000e-06  5.55068566e+01  1.89716579e+09  -4.49306814e+09  1.00000000e-09
1.90000000e-06  5.50688645e+01  1.91551413e+09  -4.49358778e+09  1.00000000e-09
1.90100000e-06  5.46360609e+01  1.93366679e+09  -4.49424001e+09  1.00000000e-09
1.90200000e-06  5.42085412e+01  1.95238499e+09  -4.49502343e+09  1.00000000e-09
1.90300000e-06  5.37863971e+01  1.97304461e+09  -4.49593637e+09  1.00000000e-09
1.90400000e-06  5.33697184e+01  1.99353215e+09  -4.49697691e+09  1.00000000e-09
1.90500000e-06  5.29585922e+01  2.01384446e+09  -4.49814289e+09  1.00000000e-09
1.90600000e-06  5.25531016e+01  2.03397842e+09  -4.49943200e+09  1.00000000e-09
1.90700000e-06  5.21533253e+01  2.05393091e+09  -4.50084172e+09  1.00000000e-09
1.90800000e-06  5.17593369e+01  2.07369882e+09  -4.50236941e+09  1.00000000e-09
1.90900000e-06  5.13712043e+01  2.09327909e+09  -4.50401231e+09  1.00000000e-09
1.91000000e-06  5.09889895e+01  2.11266865e+09  -4.50576752e+09  1.00000000e-09
1.91100000e-06  5.06127479e+01  2.13186446e+09  -4.50763207e+09  1.00000000e-09
1.91200000e-06  5.02425179e+01  2.15086353e+09  -4.50960288e+09  1.00000000e-09
1.91300000e-06  4.98783283e+01  2.16966288e+09  -4.51167675e+09  1.00000000e-09
1.91400000e-06  4.95202008e+01  2.18825956e+09  -4.51385041e+09  1.00000000e-09
1.91500000e-06  4.91681527e+01  2.20946702e+09  -4.51612046e+09  1.00000000e-09
1.91600000e-06  4.88221985e+01  2.23103317e+09  -4.51848338e+09  1.00000000e-09
1.91700000e-06  4.84823529e+01  2.25242374e+09  -4.52093552e+09  1.00000000e-09
1.91800000e-06  4.81486402e+01  2.27363509e+09  -4.52347302e+09  1.00000000e-09
1.91900000e-06  4.78210922e+01  2.29466366e+09  -4.52609183e+09  1.00000000e-09
1.92000000e-06  4.74997497e+01  2.31550589e+09  -4.52878768e+09  1.00000000e-09
1.92100000e-06  4.71846640e+01  2.33615826e+09  -4.53155606e+09  1.00000000e-09
1.92200000e-06  4.68758971e+01  2.35661729e+09  -4.53439217e+09  1.00000000e-09
1.92300000e-06  4.65735228e+01  2.37687953e+09  -4.53729097e+09  1.00000000e-09
1.92400000e-06  4.62776267e+01  2.39694158e+09  -4.54024711e+09  1.00000000e-09
1.92500000e-06  4.59883060e+01  2.41680009e+09  -4.54325494e+09  1.00000000e-09
1.92600000e-06  4.57056700e+01  2.43645172e+09  -4.54630850e+09  1.00000000e-09
1.92700000e-06  4.54298392e+01  2.45589323e+09  -4.54940153e+09  1.00000000e-09
1.92800000e-06  4.51609447e+01  2.47512140e+09  -4.55252746e+09  1.00000000e-09
1.92900000e-06  4.48991277e+01  2.49432660e+09  -4.55567942e+09  1.00000000e-09
1.93000000e-06  4.46445379e+01  2.51541576e+09  -4.55885028e+09  1.00000000e-09
1.93100000e-06  4.43973330e+01  2.53629814e+09  -4.56203262e+09  1.00000000e-09
1.93200000e-06  4.41576768e+01  2.55696995e+09  -4.56521880e+09  1.00000000e-09
1.93300000e-06  4.39257380e+01  2.57745559e+09  -4.56840097e+09  1.00000000e-09
1.93400000e-06  4.37016887e+01  2.59786929e+09  -4.57157110e+09  1.00000000e-09
1.93500000e-06  4.34857024e+01  2.61806382e+09  -4.57472100e+09  1.00000000e-09
1.93600000e-06  4.32779524e+01  2.63803594e+09  -4.57784240e+09  1.00000000e-09
1.93700000e-06  4.30786103e+01  2.65778232e+09  -4.58092693e+09  1.00000000e-09
1.93800000e-06  4.28878440e+01  2.67729968e+09  -4.58396619e+09  1.00000000e-09
1.93900000e-06  4.27058159e+01  2.69658476e+09  -4.58695179e+09  1.00000000e-09
1.94000000e-06  4.25326813e+01  2.71563437e+09  -4.58987536e+09  1.00000000e-09
1.94100000e-06  4.23685866e+01  2.73444534e+09  -4.59272860e+09  1.00000000e-09
1.94200000e-06  4.22136680e+01  2.75301454e+09  -4.59550333e+09  1.00000000e-09
1.94300000e-06  4.20680495e+01  2.77133888e+09  -4.59819148e+09  1.00000000e-09
1.94400000e-06  4.19318421e+01  2.78941533e+09  -4.60078516e+09  1.00000000e-09
1.94500000e-06  4.18051398e+01  2.80724093e+09  -4.60327665e+09  1.00000000e-09
1.94600000e-06  4.16880189e+01  2.82481280e+09  -4.60565846e+09  1.00000000e-09
1.94700000e-06  4.15805374e+01  2.84212809e+09  -4.60792333e+09  1.00000000e-09
1.94800000e-06  4.14827342e+01  2.85918404e+09  -4.61006422e+09  1.00000000e-09
1.94900000e-06  4.13946286e+01  2.87597797e+09  -4.61207439e+09  1.00000000e-09
1.95000000e-06  4.13162205e+01  2.89250725e+09  -4.61394733e+09  1.00000000e-09
1.95100000e-06  4.12474897e+01  2.90989528e+09  -4.61567683e+09  1.00000000e-09
1.95200000e-06  4.11883966e+01  2.92781031e+09  -4.61725693e+09  1.00000000e-09
1.95300000e-06  4.11388822e+01  2.94546426e+09  -4.61868198e+09  1.00000000e-09
1.95400000e-06  4.10988687e+01  2.96285409e+09  -4.61994651e+09  1.00000000e-09
1.95500000e-06  4.10682604e+01  2.97997679e+09  -4.62104530e+09  1.00000000e-09
1.95600000e-06  4.10469437e+01  2.99682945e+09  -4.62197334e+09  1.00000000e-09
1.95700000e-06  4.10347891e+01  3.01340923e+09  -4.62272576e+09  1.00000000e-09
1.95800000e-06  4.10316514e+01  3.02971334e+09  -4.62329786e+09  1.00000000e-09
1.95900000e-06  4.10373710e+01  3.04573909e+09  -4.62368510e+09  1.00000000e-09
1.96000000e-06  4.10517755e+01  3.06148384e+09  -4.62388299e+09  1.00000000e-09
1.96100000e-06  4.10746805e+01  3.07694506e+09  -4.62388719e+09  1.00000000e-09
1.96200000e-06  4.11058912e+01  3.09212027e+09  -4.62369340e+09  1.00000000e-09
1.96300000e-06  4.11452035e+01  3.10700711e+09  -4.62329739e+09  1.00000000e-09
1.96400000e-06  4.11924059e+01  3.12160328e+09  -4.62269497e+09  1.00000000e-09
1.96500000e-06  4.12472802e+01  3.13590657e+09  -4.62188202e+09  1.00000000e-09
1.96600000e-06  4.13096034e+01  3.14991488e+09  -4.62085443e+09  1.00000000e-09
1.96700000e-06  4.13791485e+01  3.16362618e+09  -4.61960815e+09  1.00000000e-09
1.96800000e-06  4.14556864e+01  3.17703856e+09  -4.61813915e+09  1.00000000e-09
1.96900000e-06  4.15389865e+01  3.19015018e+09  -4.61644347e+09  1.00000000e-09
1.97000000e-06  4.16288186e+01  3.20295932e+09  -4.61451722e+09  1.00000000e-09
1.97100000e-06  4.17249530e+01  3.21546435e+09  -4.61235659e+09  1.00000000e-09
1.97200000e-06  4.18271626e+01  3.22766374e+09  -4.60995785e+09  1.00000000e-09
1.97300000e-06  4.19352228e+01  3.23955608e+09  -4.60731742e+09  1.00000000e-09
1.97400000e-06  4.20489134e+01  3.25114005e+09  -4.60443186e+09  1.00000000e-09
1.97500000e-06  4.21680183e+01  3.26241444e+09  -4.60129789e+09  1.00000000e-09
1.97600000e-06  4.22923269e+01  3.27337814e+09  -4.59791241e+09  1.00000000e-09
1.97700000e-06  4.24216343e+01  3.28403018e+09  -4.59427257e+09  1.00000000e-09
1.97800000e-06  4.25557420e+01  3.29436967e+09  -4.59037576e+09  1.00000000e-09
1.97900000e-06  4.26944581e+01  3.30439585e+09  -4.58621965e+09  1.00000000e-09
1.98000000e-06  4.28375977e+01  3.31410806e+09  -4.58180224e+09  1.00000000e-09
1.98100000e-06  4.29849831e+01  3.32350575e+09  -4.57712188e+09  1.00000000e-09
1.98200000e-06  4.31364439e+01  3.33258851e+09  -4.57217728e+09  1.00000000e-09
1.98300000e-06  4.32918172e+01  3.34135603e+09  -4.56696758e+09  1.00000000e-09
1.98400000e-06  4.34509475e+01  3.34980810e+09  -4.56149235e+09  1.00000000e-09
1.98500000e-06  4.36136866e+01  3.35952217e+09  -4.55575160e+09  1.00000000e-09
1.98600000e-06  4.37798935e+01  3.36904653e+09  -4.54974583e+09  1.00000000e-09
1.98700000e-06  4.39494345e+01  3.37825924e+09  -4.54347602e+09  1.00000000e-09
1.98800000e-06  4.41221827e+01  3.38715990e+09  -4.53694365e+09  1.00000000e-09
1.98900000e-06  4.42980204e+01  3.39574819e+09  -4.53015072e+09  1.00000000e-09
1.99000000e-06  4.44768479e+01  3.40402393e+09  -4.52309973e+09  1.00000000e-09
1.99100000e-06  4.46585789e+01  3.41198704e+09  -4.51579371e+09  1.00000000e-09
1.99200000e-06  4.48431411e+01  3.41963755e+09  -4.51143577e+09  1.00000000e-09
1.99300000e-06  4.50304738e+01  3.42697562e+09  -4.52017808e+09  1.00000000e-09
1.99400000e-06  4.52205268e+01  3.43400153e+09  -4.52882125e+09  1.00000000e-09
1.99500000e-06  4.54132591e+01  3.44071566e+09  -4.53736291e+09  1.00000000e-09
1.99600000e-06  4.56086375e+01  3.44711851e+09  -4.54580057e+09  1.00000000e-09
1.99700000e-06  4.58066355e+01  3.45321070e+09  -4.55413168e+09  1.00000000e-09
1.99800000e-06  4.60072317e+01  3.45899296e+09  -4.56235360e+09  1.00000000e-09
1.99900000e-06  4.62104083e+01  3.46446616e+09  -4.57046362e+09  1.00000000e-09
2.00000000e-06  4.64161499e+01  3.46963124e+09  -4.57845756e+09  1.00000000e-09
2.00100000e-06  4.66244423e+01  3.47448929e+09  -4.58632970e+09  1.00000000e-09
2.00200000e-06  4.68352709e+01  3.47904151e+09  -4.59407447e+09  1.00000000e-09
2.00300000e-06  4.70486196e+01  3.48328920e+09  -4.60168651e+09  1.00000000e-09
2.00400000e-06  4.72644694e+01  3.48723377e+09  -4.60916079e+09  1.00000000e-09
2.00500000e-06  4.74827967e+01  3.49087677e+09  -4.61649259e+09  1.00000000e-09
2.00600000e-06  4.77035725e+01  3.49421982e+09  -4.62367763e+09  1.00000000e-09
2.00700000e-06  4.79267633e+01  3.49726468e+09  -4.63071208e+09  1.00000000e-09
2.00800000e-06  4.81523303e+01  3.50001321e+09  -4.63759259e+09  1.00000000e-09
2.00900000e-06  4.83802288e+01  3.50246737e+09  -4.64431635e+09  1.00000000e-09
2.01000000e-06  4.86104076e+01  3.50462922e+09  -4.65088110e+09  1.00000000e-09
2.01100000e-06  4.88428088e+01  3.50650093e+09  -4.65728472e+09  1.00000000e-09
2.01200000e-06  4.90773673e+01  3.50808478e+09  -4.66352412e+09  1.00000000e-09
2.01300000e-06  4.93140113e+01  3.50938315e+09  -4.66959685e+09  1.00000000e-09
2.01400000e-06  4.95526617e+01  3.51039850e+09  -4.67550114e+09  1.00000000e-09
2.01500000e-06  4.97932330e+01  3.51113344e+09  -4.68123585e+09  1.00000000e-09
2.01600000e-06  5.00356332e+01  3.51159067e+09  -4.68680031e+09  1.00000000e-09
2.01700000e-06  5.02797646e+01  3.51177308e+09  -4.69219454e+09  1.00000000e-09
2.01800000e-06  5.05255243e+01  3.51168385e+09  -4.69741932e+09  1.00000000e-09
2.01900000e-06  5.07728051e+01  3.51132641e+09  -4.70247612e+09  1.00000000e-09
2.02000000e-06  5.10214958e+01  3.51070453e+09  -4.70736699e+09  1.00000000e-09
2.02100000e-06  5.12714827e+01  3.50982239e+09  -4.71209458e+09  1.00000000e-09
2.02200000e-06  5.15226501e+01  3.50868892e+09  -4.71666204e+09  1.00000000e-09
2.02300000e-06  5.17748810e+01  3.50896616e+09  -4.72107295e+09  1.00000000e-09
2.02400000e-06  5.20280589e+01  3.50930015e+09  -4.72533130e+09  1.00000000e-09
2.02500000e-06  5.22820675e+01  3.51016702e+09  -4.72944134e+09  1.00000000e-09
2.02600000e-06  5.25367929e+01  3.51078824e+09  -4.73340755e+09  1.00000000e-09
2.02700000e-06  5.27921236e+01  3.51116721e+09  -4.73723455e+09  1.00000000e-09
2.02800000e-06  5.30479518e+01  3.51130886e+09  -4.74092698e+09  1.00000000e-09
2.02900000e-06  5.33041744e+01  3.51121806e+09  -4.74448977e+09  1.00000000e-09
2.03000000e-06  5.35606934e+01  3.51090118e+09  -4.74792966e+09  1.00000000e-09
2.03100000e-06  5.38174172e+01  3.51036591e+09  -4.75125309e+09  1.00000000e-09
2.03200000e-06  5.40742612e+01  3.50961952e+09  -4.75446606e+09  1.00000000e-09
2.03300000e-06  5.43311483e+01  3.50866887e+09  -4.75757404e+09  1.00000000e-09
2.03400000e-06  5.45880098e+01  3.50752092e+09  -4.76058184e+09  1.00000000e-09
2.03500000e-06  5.48447858e+01  3.50618002e+09  -4.76349352e+09  1.00000000e-09
2.03600000e-06  5.51014256e+01  3.50465023e+09  -4.76631194e+09  1.00000000e-09
2.03700000e-06  5.53578884e+01  3.50293281e+09  -4.76903891e+09  1.00000000e-09
2.03800000e-06  5.56141433e+01  3.50102513e+09  -4.77167536e+09  1.00000000e-09
2.03900000e-06  5.58701692e+01  3.49892459e+09  -4.77421972e+09  1.00000000e-09
2.04000000e-06  5.61259554e+01  3.49662858e+09  -4.77666847e+09  1.00000000e-09
2.04100000e-06  5.63815007e+01  3.49413373e+09  -4.77901729e+09  1.00000000e-09
2.04200000e-06  5.66368138e+01  3.49178594e+09  -4.78126105e+09  1.00000000e-09
2.04300000e-06  5.68919121e+01  3.49167966e+09  -4.78339386e+09  1.00000000e-09
2.04400000e-06  5.71468220e+01  3.49136883e+09  -4.78540907e+09  1.00000000e-09
2.04500000e-06  5.74015777e+01  3.49085935e+09  -4.78729933e+09  1.00000000e-09
2.04600000e-06  5.76562205e+01  3.49015529e+09  -4.78905661e+09  1.00000000e-09
2.04700000e-06  5.79107999e+01  3.48925983e+09  -4.79062138e+09  1.00000000e-09
2.04800000e-06  5.81653716e+01  3.48817583e+09  -4.79194914e+09  1.00000000e-09
2.04900000e-06  5.84199966e+01  3.48690579e+09  -4.79303091e+09  1.00000000e-09
2.05000000e-06  5.86747403e+01  3.48544788e+09  -4.79382987e+09  1.00000000e-09
2.05100000e-06  5.89296706e+01  3.48379838e+09  -4.79434412e+09  1.00000000e-09
2.05200000e-06  5.91848570e+01  3.48195353e+09  -4.79457180e+09  1.00000000e-09
2.05300000e-06  5.94403691e+01  3.47990918e+09  -4.79451094e+09  1.00000000e-09
2.05400000e-06  5.96962751e+01  3.47765881e+09  -4.79415953e+09  1.00000000e-09
2.05500000e-06  5.99526406e+01  3.47519610e+09  -4.79351538e+09  1.00000000e-09
2.05600000e-06  6.02095268e+01  3.47251560e+09  -4.79257614e+09  1.00000000e-09
2.05700000e-06  6.04669899e+01  3.46961292e+09  -4.79133924e+09  1.00000000e-09
2.05800000e-06  6.07250791e+01  3.46648411e+09  -4.78980055e+09  1.00000000e-09
2.05900000e-06  6.09838360e+01  3.46312684e+09  -4.78795498e+09  1.00000000e-09
2.06000000e-06  6.12432934e+01  3.45954073e+09  -4.78579744e+09  1.00000000e-09
2.06100000e-06  6.15034740e+01  3.45572583e+09  -4.78332287e+09  1.00000000e-09
2.06200000e-06  6.17643901e+01  3.45168302e+09  -4.78052617e+09  1.00000000e-09
2.06300000e-06  6.20260429e+01  3.44741450e+09  -4.77740224e+09  1.00000000e-09
2.06400000e-06  6.22884217e+01  3.44292281e+09  -4.77394594e+09  1.00000000e-09
2.06500000e-06  6.25515037e+01  3.43821077e+09  -4.77015209e+09  1.00000000e-09
2.06600000e-06  6.28152542e+01  3.43328149e+09  -4.76601546e+09  1.00000000e-09
2.06700000e-06  6.30796261e+01  3.42813827e+09  -4.76153066e+09  1.00000000e-09
2.06800000e-06  6.33445605e+01  3.42504017e+09  -4.75669219e+09  1.00000000e-09
2.06900000e-06  6.36099871e+01  3.42215616e+09  -4.75149438e+09  1.00000000e-09
2.07000000e-06  6.38758244e+01  3.41908478e+09  -4.74593144e+09  1.00000000e-09
2.07100000e-06  6.41419806e+01  3.41582391e+09  -4.73999745e+09  1.00000000e-09
2.07200000e-06  6.44083548e+01  3.41237180e+09  -4.73368640e+09  1.00000000e-09
2.07300000e-06  6.46748375e+01  3.40872707e+09  -4.72699363e+09  1.00000000e-09
2.07400000e-06  6.49413118e+01  3.41345787e+09  -4.71991472e+09  1.00000000e-09
2.07500000e-06  6.52076552e+01  3.41835991e+09  -4.71244505e+09  1.00000000e-09
2.07600000e-06  6.54737400e+01  3.42305292e+09  -4.70457984e+09  1.00000000e-09
2.07700000e-06  6.57394354e+01  3.42753792e+09  -4.69631420e+09  1.00000000e-09
2.07800000e-06  6.60046088e+01  3.43181599e+09  -4.68764313e+09  1.00000000e-09
2.07900000e-06  6.62691271e+01  3.43588826e+09  -4.67856159e+09  1.00000000e-09
2.08000000e-06  6.65328581e+01  3.43975602e+09  -4.66906452e+09  1.00000000e-09
2.08100000e-06  6.67956722e+01  3.44342068e+09  -4.65914691e+09  1.00000000e-09
2.08200000e-06  6.70574436e+01  3.44688375e+09  -4.64880387e+09  1.00000000e-09
2.08300000e-06  6.73180520e+01  3.45014755e+09  -4.63803064e+09  1.00000000e-09
2.08400000e-06  6.75773833e+01  3.45458538e+09  -4.62682267e+09  1.00000000e-09
2.08500000e-06  6.78353311e+01  3.45895636e+09  -4.61517570e+09  1.00000000e-09
2.08600000e-06  6.80917981e+01  3.46312760e+09  -4.60308580e+09  1.00000000e-09
2.08700000e-06  6.83466963e+01  3.46710115e+09  -4.59054943e+09  1.00000000e-09
2.08800000e-06  6.85999484e+01  3.47087916e+09  -4.57757157e+09  1.00000000e-09
2.08900000e-06  6.88514883e+01  3.47446391e+09  -4.56416174e+09  1.00000000e-09
2.09000000e-06  6.91012614e+01  3.47785776e+09  -4.55032947e+09  1.00000000e-09
2.09100000e-06  6.93492252e+01  3.48106311e+09  -4.53608435e+09  1.00000000e-09
2.09200000e-06  6.95953493e+01  3.48408242e+09  -4.52143595e+09  1.00000000e-09
2.09300000e-06  6.98396156e+01  3.48691808e+09  -4.50639384e+09  1.00000000e-09
2.09400000e-06  7.00820179e+01  3.48957239e+09  -4.49096758e+09  1.00000000e-09
2.09500000e-06  7.03225617e+01  3.49204754e+09  -4.47516673e+09  1.00000000e-09
2.09600000e-06  7.05612638e+01  3.49434564e+09  -4.45900085e+09  1.00000000e-09
2.09700000e-06  7.07981517e+01  3.49647218e+09  -4.44247948e+09  1.00000000e-09
2.09800000e-06  7.10332627e+01  3.49843291e+09  -4.42561153e+09  1.00000000e-09
2.09900000e-06  7.12666434e+01  3.50149026e+09  -4.40840556e+09  1.00000000e-09
2.10000000e-06  7.14983482e+01  3.50589765e+09  -4.39087023e+09  1.00000000e-09
2.10100000e-06  7.17284388e+01  3.51010474e+09  -4.37301592e+09  1.00000000e-09
2.10200000e-06  7.19569828e+01  3.51411264e+09  -4.35485505e+09  1.00000000e-09
2.10300000e-06  7.21840526e+01  3.51792255e+09  -4.33639991e+09  1.00000000e-09
2.10400000e-06  7.24097241e+01  3.52367197e+09  -4.31766264e+09  1.00000000e-09
2.10500000e-06  7.26340757e+01  3.53185030e+09  -4.29865523e+09  1.00000000e-09
2.10600000e-06  7.28571869e+01  3.53977023e+09  -4.27938945e+09  1.00000000e-09
2.10700000e-06  7.30791372e+01  3.54743052e+09  -4.25987444e+09  1.00000000e-09
2.10800000e-06  7.33000048e+01  3.55483007e+09  -4.24011852e+09  1.00000000e-09
2.10900000e-06  7.35198657e+01  3.56196793e+09  -4.22012984e+09  1.00000000e-09
2.11000000e-06  7.37387924e+01  3.56884329e+09  -4.19991648e+09  1.00000000e-09
2.11100000e-06  7.39568532e+01  3.57545547e+09  -4.17948701e+09  1.00000000e-09
2.11200000e-06  7.41741111e+01  3.58180406e+09  -4.15885194e+09  1.00000000e-09
2.11300000e-06  7.43906233e+01  3.58788858e+09  -4.13802188e+09  1.00000000e-09
2.11400000e-06  7.46064400e+01  3.59370873e+09  -4.11700753e+09  1.00000000e-09
2.11500000e-06  7.48216047e+01  3.59926438e+09  -4.09760855e+09  1.00000000e-09
2.11600000e-06  7.50361530e+01  3.60455557e+09  -4.07974450e+09  1.00000000e-09
2.11700000e-06  7.52501128e+01  3.60958253e+09  -4.06332370e+09  1.00000000e-09
2.11800000e-06  7.54635039e+01  3.61434568e+09  -4.04824087e+09  1.00000000e-09
2.11900000e-06  7.56763380e+01  3.61884564e+09  -4.03437997e+09  1.00000000e-09
2.12000000e-06  7.58886191e+01  3.62308318e+09  -4.02162076e+09  1.00000000e-09
2.12100000e-06  7.61003431e+01  3.62705931e+09  -4.00984035e+09  1.00000000e-09
2.12200000e-06  7.63114985e+01  3.63077518e+09  -3.99891458e+09  1.00000000e-09
2.12300000e-06  7.65220670e+01  3.63423224e+09  -3.98872923e+09  1.00000000e-09
2.12400000e-06  7.67320235e+01  3.63743223e+09  -3.97918432e+09  1.00000000e-09
2.12500000e-06  7.69413369e+01  3.64037719e+09  -3.97017774e+09  1.00000000e-09
2.12600000e-06  7.71499711e+01  3.64306946e+09  -3.96160624e+09  1.00000000e-09
2.12700000e-06  7.73578851e+01  3.64551165e+09  -3.95336584e+09  1.00000000e-09
2.12800000e-06  7.75650342e+01  3.64770658e+09  -3.94535314e+09  1.00000000e-09
2.12900000e-06  7.77713704e+01  3.64965728e+09  -3.93746643e+09  1.00000000e-09
2.13000000e-06  7.79768437e+01  3.65136691e+09  -3.92960653e+09  1.00000000e-09
2.13100000e-06  7.81814022e+01  3.65283874e+09  -3.92167754e+09  1.00000000e-09
2.13200000e-06  7.83849936e+01  3.65407612e+09  -3.91358751e+09  1.00000000e-09
2.13300000e-06  7.85875652e+01  3.65508239e+09  -3.90524903e+09  1.00000000e-09
2.13400000e-06  7.87890653e+01  3.65586374e+09  -3.89657978e+09  1.00000000e-09
2.13500000e-06  7.89894433e+01  3.65642831e+09  -3.88750299e+09  1.00000000e-09
2.13600000e-06  7.91886506e+01  3.65678364e+09  -3.87794784e+09  1.00000000e-09
2.13700000e-06  7.93866409e+01  3.65693671e+09  -3.86784978e+09  1.00000000e-09
2.13800000e-06  7.95833709e+01  3.65689377e+09  -3.85714952e+09  1.00000000e-09
2.13900000e-06  7.97788002e+01  3.65666039e+09  -3.84579403e+09  1.00000000e-09
2.14000000e-06  7.99728921e+01  3.65624131e+09  -3.83373710e+09  1.00000000e-09
2.14100000e-06  8.01656135e+01  3.65564048e+09  -3.82094453e+09  1.00000000e-09
2.14200000e-06  8.03569348e+01  3.65486102e+09  -3.80740844e+09  1.00000000e-09
2.14300000e-06  8.05468302e+01  3.65390052e+09  -3.79312640e+09  1.00000000e-09
2.14400000e-06  8.07352772e+01  3.65275578e+09  -3.77810122e+09  1.00000000e-09
2.14500000e-06  8.09222569e+01  3.65142147e+09  -3.76234037e+09  1.00000000e-09
2.14600000e-06  8.11077533e+01  3.64989110e+09  -3.74585490e+09  1.00000000e-09
2.14700000e-06  8.12917531e+01  3.64815781e+09  -3.72865979e+09  1.00000000e-09
2.14800000e-06  8.14742453e+01  3.64621317e+09  -3.71077358e+09  1.00000000e-09
2.14900000e-06  8.16552206e+01  3.64404767e+09  -3.69221791e+09  1.00000000e-09
2.15000000e-06  8.18346711e+01  3.64165178e+09  -3.67301717e+09  1.00000000e-09
2.15100000e-06  8.20125896e+01  3.63901598e+09  -3.65319810e+09  1.00000000e-09
2.15200000e-06  8.21889689e+01  3.63613097e+09  -3.63278947e+09  1.00000000e-09
2.15300000e-06  8.23638015e+01  3.63298778e+09  -3.61182170e+09  1.00000000e-09
2.15400000e-06  8.25370790e+01  3.62957784e+09  -3.59032658e+09  1.00000000e-09
2.15500000e-06  8.27087913e+01  3.62685286e+09  -3.56833908e+09  1.00000000e-09
2.15600000e-06  8.28789261e+01  3.62509872e+09  -3.54589711e+09  1.00000000e-09
2.15700000e-06  8.30474687e+01  3.62320111e+09  -3.52303913e+09  1.00000000e-09
2.15800000e-06  8.32144013e+01  3.62210487e+09  -3.49980388e+09  1.00000000e-09
2.15900000e-06  8.33797024e+01  3.62100251e+09  -3.47622997e+09  1.00000000e-09
2.16000000e-06  8.35433469e+01  3.61975525e+09  -3.45235565e+09  1.00000000e-09
2.16100000e-06  8.37053055e+01  3.61835928e+09  -3.42821845e+09  1.00000000e-09
2.16200000e-06  8.38655447e+01  3.61681017e+09  -3.40385500e+09  1.00000000e-09
2.16300000e-06  8.40240265e+01  3.61510270e+09  -3.37930071e+09  1.00000000e-09
2.16400000e-06  8.41807084e+01  3.61322960e+09  -3.35458961e+09  1.00000000e-09
2.16500000e-06  8.43355435e+01  3.61118318e+09  -3.32975415e+09  1.00000000e-09
2.16600000e-06  8.44884804e+01  3.60895544e+09  -3.30482511e+09  1.00000000e-09
2.16700000e-06  8.46394637e+01  3.60653712e+09  -3.27983151e+09  1.00000000e-09
2.16800000e-06  8.47884340e+01  3.60391534e+09  -3.25480061e+09  1.00000000e-09
2.16900000e-06  8.49353282e+01  3.60107715e+09  -3.22975840e+09  1.00000000e-09
2.17000000e-06  8.50800801e+01  3.59800967e+09  -3.20472882e+09  1.00000000e-09
2.17100000e-06  8.52226205e+01  3.59470022e+09  -3.18447757e+09  1.00000000e-09
2.17200000e-06  8.53628781e+01  3.59113650e+09  -3.18054226e+09  1.00000000e-09
2.17300000e-06  8.55007796e+01  3.58730673e+09  -3.17660600e+09  1.00000000e-09
2.17400000e-06  8.56362505e+01  3.58319977e+09  -3.17269384e+09  1.00000000e-09
2.17500000e-06  8.57692153e+01  3.57880461e+09  -3.16883066e+09  1.00000000e-09
2.17600000e-06  8.58995988e+01  3.57410861e+09  -3.16504094e+09  1.00000000e-09
2.17700000e-06  8.60273256e+01  3.56910020e+09  -3.16134841e+09  1.00000000e-09
2.17800000e-06  8.61523217e+01  3.56376905e+09  -3.15777583e+09  1.00000000e-09
2.17900000e-06  8.62745142e+01  3.55810621e+09  -3.15434470e+09  1.00000000e-09
2.18000000e-06  8.63938325e+01  3.55210427e+09  -3.15107586e+09  1.00000000e-09
2.18100000e-06  8.65102079e+01  3.54575744e+09  -3.14798894e+09  1.00000000e-09
2.18200000e-06  8.66235749e+01  3.54036062e+09  -3.14510171e+09  1.00000000e-09
2.18300000e-06  8.67338709e+01  3.53540858e+09  -3.14242993e+09  1.00000000e-09
2.18400000e-06  8.68410368e+01  3.53009682e+09  -3.13998723e+09  1.00000000e-09
2.18500000e-06  8.69450171e+01  3.52442165e+09  -3.13778508e+09  1.00000000e-09
2.18600000e-06  8.70457603e+01  3.51838147e+09  -3.13582632e+09  1.00000000e-09
2.18700000e-06  8.71432184e+01  3.51197685e+09  -3.13411038e+09  1.00000000e-09
2.18800000e-06  8.72373476e+01  3.50739728e+09  -3.13264070e+09  1.00000000e-09
2.18900000e-06  8.73281078e+01  3.50287729e+09  -3.13141848e+09  1.00000000e-09
2.19000000e-06  8.74154628e+01  3.49805388e+09  -3.13044271e+09  1.00000000e-09
2.19100000e-06  8.74993796e+01  3.49291862e+09  -3.12971028e+09  1.00000000e-09
2.19200000e-06  8.75798286e+01  3.48746377e+09  -3.12921602e+09  1.00000000e-09
2.19300000e-06  8.76567834e+01  3.48168246e+09  -3.12895282e+09  1.00000000e-09
2.19400000e-06  8.77302198e+01  3.47556887e+09  -3.12891173e+09  1.00000000e-09
2.19500000e-06  8.78001161e+01  3.46911832e+09  -3.12908209e+09  1.00000000e-09
2.19600000e-06  8.78664521e+01  3.46232736e+09  -3.12945166e+09  1.00000000e-09
2.19700000e-06  8.79292089e+01  3.46725479e+09  -3.13000677e+09  1.00000000e-09
2.19800000e-06  8.79883687e+01  3.47207947e+09  -3.13073244e+09  1.00000000e-09
2.19900000e-06  8.80439136e+01  3.47674018e+09  -3.13161257e+09  1.00000000e-09
2.20000000e-06  8.80958257e+01  3.48262644e+09  -3.13263010e+09  1.00000000e-09
2.20100000e-06  8.81440866e+01  3.48830020e+09  -3.13376711e+09  1.00000000e-09
2.20200000e-06  8.81886764e+01  3.49376053e+09  -3.13500504e+09  1.00000000e-09
2.20300000e-06  8.82295739e+01  3.49900649e+09  -3.13632496e+09  1.00000000e-09
2.20400000e-06  8.82667560e+01  3.50403720e+09  -3.13770810e+09  1.00000000e-09
2.20500000e-06  8.83001972e+01  3.50885177e+09  -3.13913550e+09  1.00000000e-09
2.20600000e-06  8.83298696e+01  3.51344936e+09  -3.14058813e+09  1.00000000e-09
2.20700000e-06  8.83557422e+01  3.51782912e+09  -3.14204703e+09  1.00000000e-09
2.20800000e-06  8.83777815e+01  3.52199023e+09  -3.14349346e+09  1.00000000e-09
2.20900000e-06  8.83959507e+01  3.52593190e+09  -3.14490897e+09  1.00000000e-09
2.21000000e-06  8.84102099e+01  3.52965333e+09  -3.14627538e+09  1.00000000e-09
2.21100000e-06  8.84205166e+01  3.53315375e+09  -3.14757474e+09  1.00000000e-09
2.21200000e-06  8.84268252e+01  3.53643241e+09  -3.14878973e+09  1.00000000e-09
2.21300000e-06  8.84290874e+01  3.53948854e+09  -3.14990377e+09  1.00000000e-09
2.21400000e-06  8.84272529e+01  3.54232142e+09  -3.15090102e+09  1.00000000e-09
2.21500000e-06  8.84212692e+01  3.54493031e+09  -3.15176651e+09  1.00000000e-09
2.21600000e-06  8.84110824e+01  3.54731450e+09  -3.15248615e+09  1.00000000e-09
2.21700000e-06  8.83966376e+01  3.54947329e+09  -3.15692031e+09  1.00000000e-09
2.21800000e-06  8.83778792e+01  3.55140599e+09  -3.16852461e+09  1.00000000e-09
2.21900000e-06  8.83547519e+01  3.55311195e+09  -3.17990189e+09  1.00000000e-09
2.22000000e-06  8.83272012e+01  3.55459056e+09  -3.19103376e+09  1.00000000e-09
2.22100000e-06  8.82951738e+01  3.55584124e+09  -3.20190159e+09  1.00000000e-09
2.22200000e-06  8.82586185e+01  3.55686349e+09  -3.21248711e+09  1.00000000e-09
2.22300000e-06  8.82174869e+01  3.55765681e+09  -3.22277244e+09  1.00000000e-09
2.22400000e-06  8.81717341e+01  3.55822080e+09  -3.23274030e+09  1.00000000e-09
2.22500000e-06  8.81213194e+01  3.55855507e+09  -3.24237410e+09  1.00000000e-09
2.22600000e-06  8.80662065e+01  3.55865934e+09  -3.25165808e+09  1.00000000e-09
2.22700000e-06  8.80063650e+01  3.55853335e+09  -3.26057742e+09  1.00000000e-09
2.22800000e-06  8.79417703e+01  3.55817692e+09  -3.26911836e+09  1.00000000e-09
2.22900000e-06  8.78724042e+01  3.55758994e+09  -3.27726836e+09  1.00000000e-09
2.23000000e-06  8.77982559e+01  3.55677231e+09  -3.28501615e+09  1.00000000e-09
2.23100000e-06  8.77193218e+01  3.55572401e+09  -3.29235187e+09  1.00000000e-09
2.23200000e-06  8.76356062e+01  3.55444507e+09  -3.29926715e+09  1.00000000e-09
2.23300000e-06  8.75471216e+01  3.55293562e+09  -3.30575521e+09  1.00000000e-09
2.23400000e-06  8.74538890e+01  3.55119609e+09  -3.31181093e+09  1.00000000e-09
2.23500000e-06  8.73559375e+01  3.54922709e+09  -3.31743093e+09  1.00000000e-09
2.23600000e-06  8.72533051e+01  3.54702947e+09  -3.32261360e+09  1.00000000e-09
2.23700000e-06  8.71460382e+01  3.54460429e+09  -3.32735914e+09  1.00000000e-09
2.23800000e-06  8.70341916e+01  3.54195279e+09  -3.33166961e+09  1.00000000e-09
2.23900000e-06  8.69178283e+01  3.53907772e+09  -3.33554886e+09  1.00000000e-09
2.24000000e-06  8.67970195e+01  3.53598238e+09  -3.33900253e+09  1.00000000e-09
2.24100000e-06  8.66718437e+01  3.53267118e+09  -3.34203803e+09  1.00000000e-09
2.24200000e-06  8.65423870e+01  3.52914724e+09  -3.34466447e+09  1.00000000e-09
2.24300000e-06  8.64087420e+01  3.52541540e+09  -3.34689255e+09  1.00000000e-09
2.24400000e-06  8.62710078e+01  3.52148309e+09  -3.34873450e+09  1.00000000e-09
2.24500000e-06  8.61292892e+01  3.51735707e+09  -3.35020397e+09  1.00000000e-09
2.24600000e-06  8.59836960e+01  3.51304083e+09  -3.35131593e+09  1.00000000e-09
2.24700000e-06  8.58343426e+01  3.50853150e+09  -3.35208650e+09  1.00000000e-09
2.24800000e-06  8.56813473e+01  3.50382524e+09  -3.35253288e+09  1.00000000e-09
2.24900000e-06  8.55248314e+01  3.49891841e+09  -3.35267321e+09  1.00000000e-09
2.25000000e-06  8.53649190e+01  3.49380699e+09  -3.35252640e+09  1.00000000e-09
2.25100000e-06  8.52017357e+01  3.48848667e+09  -3.35211204e+09  1.00000000e-09
2.25200000e-06  8.50354085e+01  3.48295286e+09  -3.35145018e+09  1.00000000e-09
2.25300000e-06  8.48660648e+01  3.47720077e+09  -3.35056131e+09  1.00000000e-09
2.25400000e-06  8.46938318e+01  3.47122542e+09  -3.34946617e+09  1.00000000e-09
2.25500000e-06  8.45188361e+01  3.46502176e+09  -3.34818565e+09  1.00000000e-09
2.25600000e-06  8.43412031e+01  3.46046397e+09  -3.34674072e+09  1.00000000e-09
2.25700000e-06  8.41610562e+01  3.45577368e+09  -3.34515221e+09  1.00000000e-09
2.25800000e-06  8.39785165e+01  3.45080585e+09  -3.34344079e+09  1.00000000e-09
2.25900000e-06  8.37937024e+01  3.44555886e+09  -3.34162682e+09  1.00000000e-09
2.26000000e-06  8.36067291e+01  3.44003203e+09  -3.33973027e+09  1.00000000e-09
2.26100000e-06  8.34177083e+01  3.43422562e+09  -3.33777061e+09  1.00000000e-09
2.26200000e-06  8.32267481e+01  3.42814116e+09  -3.33576676e+09  1.00000000e-09
2.26300000e-06  8.30339522e+01  3.42178110e+09  -3.33373703e+09  1.00000000e-09
2.26400000e-06  8.28394203e+01  3.41514877e+09  -3.33169900e+09  1.00000000e-09
2.26500000e-06  8.26432475e+01  3.40824840e+09  -3.32966955e+09  1.00000000e-09
2.26600000e-06  8.24455246e+01  3.40108506e+09  -3.32766479e+09  1.00000000e-09
2.26700000e-06  8.22463376e+01  3.39366463e+09  -3.32570000e+09  1.00000000e-09
2.26800000e-06  8.20457680e+01  3.38599374e+09  -3.32378968e+09  1.00000000e-09
2.26900000e-06  8.18438924e+01  3.37807972e+09  -3.32194747e+09  1.00000000e-09
2.27000000e-06  8.16407831e+01  3.36993052e+09  -3.32018618e+09  1.00000000e-09
2.27100000e-06  8.14365076e+01  3.36155467e+09  -3.31851776e+09  1.00000000e-09
2.27200000e-06  8.12311290e+01  3.35478413e+09  -3.31695332e+09  1.00000000e-09
2.27300000e-06  8.10247059e+01  3.34846180e+09  -3.31550310e+09  1.00000000e-09
2.27400000e-06  8.08172926e+01  3.34180139e+09  -3.31417652e+09  1.00000000e-09
2.27500000e-06  8.06089393e+01  3.33480345e+09  -3.31298208e+09  1.00000000e-09
2.27600000e-06  8.03996918e+01  3.32746980e+09  -3.31192783e+09  1.00000000e-09
2.27700000e-06  8.01895923e+01  3.31980347e+09  -3.31102133e+09  1.00000000e-09
2.27800000e-06  7.99786788e+01  3.31180876e+09  -3.31026955e+09  1.00000000e-09
2.27900000e-06  7.97669856e+01  3.30349116e+09  -3.30967883e+09  1.00000000e-09
2.28000000e-06  7.95545435e+01  3.29485733e+09  -3.30925473e+09  1.00000000e-09
2.28100000e-06  7.93413793e+01  3.28591504e+09  -3.30900201e+09  1.00000000e-09
2.28200000e-06  7.91275168e+01  3.27667313e+09  -3.30892451e+09  1.00000000e-09
2.28300000e-06  7.89129761e+01  3.26714137e+09  -3.30902512e+09  1.00000000e-09
2.28400000e-06  7.86977741e+01  3.25733046e+09  -3.30930569e+09  1.00000000e-09
2.28500000e-06  7.84819243e+01  3.24725182e+09  -3.30976705e+09  1.00000000e-09
2.28600000e-06  7.82654370e+01  3.23691757e+09  -3.31040892e+09  1.00000000e-09
2.28700000e-06  7.80483197e+01  3.22634037e+09  -3.31122990e+09  1.00000000e-09
2.28800000e-06  7.78305764e+01  3.21553332e+09  -3.31222751e+09  1.00000000e-09
2.28900000e-06  7.76122083e+01  3.20450979e+09  -3.31339813e+09  1.00000000e-09
2.29000000e-06  7.73932138e+01  3.19328336e+09  -3.31435880e+09  1.00000000e-09
2.29100000e-06  7.71735883e+01  3.18186763e+09  -3.31509030e+09  1.00000000e-09
2.29200000e-06  7.69533246e+01  3.17027613e+09  -3.33025481e+09  1.00000000e-09
2.29300000e-06  7.67324128e+01  3.15852218e+09  -3.34628891e+09  1.00000000e-09
2.29400000e-06  7.65108405e+01  3.14661877e+09  -3.36172252e+09  1.00000000e-09
2.29500000e-06  7.62885931e+01  3.13604478e+09  -3.37654806e+09  1.00000000e-09
2.29600000e-06  7.60656538e+01  3.13148724e+09  -3.39075802e+09  1.00000000e-09
2.29700000e-06  7.58420040e+01  3.12658807e+09  -3.40418691e+09  1.00000000e-09
2.29800000e-06  7.56176233e+01  3.12134476e+09  -3.41681686e+09  1.00000000e-09
2.29900000e-06  7.53924900e+01  3.11575606e+09  -3.42863245e+09  1.00000000e-09
2.30000000e-06  7.51665814e+01  3.10982151e+09  -3.43962085e+09  1.00000000e-09
2.30100000e-06  7.49398737e+01  3.10354144e+09  -3.44977195e+09  1.00000000e-09
2.30200000e-06  7.47123431e+01  3.09691697e+09  -3.45907852e+09  1.00000000e-09
2.30300000e-06  7.44839657e+01  3.08995002e+09  -3.46753618e+09  1.00000000e-09
2.30400000e-06  7.42547178e+01  3.08264329e+09  -3.47514349e+09  1.00000000e-09
2.30500000e-06  7.40245769e+01  3.07500022e+09  -3.48190194e+09  1.00000000e-09
2.30600000e-06  7.37935216e+01  3.06702493e+09  -3.48781581e+09  1.00000000e-09
2.30700000e-06  7.35615324e+01  3.05872224e+09  -3.49289220e+09  1.00000000e-09
2.30800000e-06  7.33285920e+01  3.05009753e+09  -3.49714082e+09  1.00000000e-09
2.30900000e-06  7.30946860e+01  3.04115676e+09  -3.50057387e+09  1.00000000e-09
2.31000000e-06  7.28598032e+01  3.03190636e+09  -3.50320586e+09  1.00000000e-09
2.31100000e-06  7.26239361e+01  3.02235322e+09  -3.50505343e+09  1.00000000e-09
2.31200000e-06  7.23870816e+01  3.01250456e+09  -3.50613507e+09  1.00000000e-09
2.31300000e-06  7.21492410e+01  3.00236794e+09  -3.50647094e+09  1.00000000e-09
2.31400000e-06  7.19104211e+01  2.99195115e+09  -3.50608259e+09  1.00000000e-09
2.31500000e-06  7.16706339e+01  2.98203132e+09  -3.50499246e+09  1.00000000e-09
2.31600000e-06  7.14298974e+01  2.97420095e+09  -3.50322186e+09  1.00000000e-09
2.31700000e-06  7.11882356e+01  2.96587649e+09  -3.50079300e+09  1.00000000e-09
2.31800000e-06  7.09456792e+01  2.95705900e+09  -3.49772876e+09  1.00000000e-09
2.31900000e-06  7.07022653e+01  2.94775138e+09  -3.49405238e+09  1.00000000e-09
2.32000000e-06  7.04580377e+01  2.93795829e+09  -3.48978733e+09  1.00000000e-09
2.32100000e-06  7.02130475e+01  2.92768615e+09  -3.48495701e+09  1.00000000e-09
2.32200000e-06  6.99673522e+01  2.91694302e+09  -3.47958461e+09  1.00000000e-09
2.32300000e-06  6.97210166e+01  2.90573856e+09  -3.47368988e+09  1.00000000e-09
2.32400000e-06  6.94741120e+01  2.89408387e+09  -3.46729041e+09  1.00000000e-09
2.32500000e-06  6.92267167e+01  2.88199145e+09  -3.46040332e+09  1.00000000e-09
2.32600000e-06  6.89789151e+01  2.86947505e+09  -3.45304523e+09  1.00000000e-09
2.32700000e-06  6.87307981e+01  2.85654954e+09  -3.44523211e+09  1.00000000e-09
2.32800000e-06  6.84824622e+01  2.84323087e+09  -3.43697927e+09  1.00000000e-09
2.32900000e-06  6.82340095e+01  2.82953589e+09  -3.42830126e+09  1.00000000e-09
2.33000000e-06  6.79855473e+01  2.81548220e+09  -3.41921182e+09  1.00000000e-09
2.33100000e-06  6.77371874e+01  2.80108797e+09  -3.40972389e+09  1.00000000e-09
2.33200000e-06  6.74890458e+01  2.78637177e+09  -3.40016990e+09  1.00000000e-09
2.33300000e-06  6.72412419e+01  2.77135246e+09  -3.40085396e+09  1.00000000e-09
2.33400000e-06  6.69938984e+01  2.75604901e+09  -3.40116687e+09  1.00000000e-09
2.33500000e-06  6.67471402e+01  2.74048034e+09  -3.40111574e+09  1.00000000e-09
2.33600000e-06  6.65010943e+01  2.72466519e+09  -3.40070722e+09  1.00000000e-09
2.33700000e-06  6.62558887e+01  2.70862197e+09  -3.39994756e+09  1.00000000e-09
2.33800000e-06  6.60116521e+01  2.69308435e+09  -3.39884257e+09  1.00000000e-09
2.33900000e-06  6.57685131e+01  2.67852472e+09  -3.39739769e+09  1.00000000e-09
2.34000000e-06  6.55265998e+01  2.66378542e+09  -3.39561801e+09  1.00000000e-09
2.34100000e-06  6.52860388e+01  2.64888528e+09  -3.39350827e+09  1.00000000e-09
2.34200000e-06  6.50469552e+01  2.63384224e+09  -3.39107292e+09  1.00000000e-09
2.34300000e-06  6.48094714e+01  2.61867316e+09  -3.38831614e+09  1.00000000e-09
2.34400000e-06  6.45737070e+01  2.60339373e+09  -3.38524183e+09  1.00000000e-09
2.34500000e-06  6.43397787e+01  2.58801834e+09  -3.38185372e+09  1.00000000e-09
2.34600000e-06  6.41078013e+01  2.57255992e+09  -3.37815532e+09  1.00000000e-09
2.34700000e-06  6.38778870e+01  2.55702993e+09  -3.37414999e+09  1.00000000e-09
2.34800000e-06  6.36501443e+01  2.54196305e+09  -3.36984097e+09  1.00000000e-09
2.34900000e-06  6.34246785e+01  2.52796317e+09  -3.36523139e+09  1.00000000e-09
2.35000000e-06  6.32015908e+01  2.51379065e+09  -3.36032429e+09  1.00000000e-09
2.35100000e-06  6.29809780e+01  2.49943500e+09  -3.35512268e+09  1.00000000e-09
2.35200000e-06  6.27629325e+01  2.48488643e+09  -3.34962952e+09  1.00000000e-09
2.35300000e-06  6.25475414e+01  2.47013605e+09  -3.34384778e+09  1.00000000e-09
2.35400000e-06  6.23348868e+01  2.45681827e+09  -3.33778042e+09  1.00000000e-09
2.35500000e-06  6.21250455e+01  2.44384996e+09  -3.33143001e+09  1.00000000e-09
2.35600000e-06  6.19180886e+01  2.43068608e+09  -3.32479869e+09  1.00000000e-09
2.35700000e-06  6.17140812e+01  2.41732520e+09  -3.31789074e+09  1.00000000e-09
2.35800000e-06  6.15130829e+01  2.40376679e+09  -3.31071062e+09  1.00000000e-09
2.35900000e-06  6.13151470e+01  2.39001130e+09  -3.30326290e+09  1.00000000e-09
2.36000000e-06  6.11203208e+01  2.37606010e+09  -3.29555238e+09  1.00000000e-09
2.36100000e-06  6.09286458e+01  2.36191536e+09  -3.28758397e+09  1.00000000e-09
2.36200000e-06  6.07401569e+01  2.34758012e+09  -3.27936278e+09  1.00000000e-09
2.36300000e-06  6.05548834e+01  2.33305836e+09  -3.27089404e+09  1.00000000e-09
2.36400000e-06  6.03728485e+01  2.31835490e+09  -3.26218313e+09  1.00000000e-09
2.36500000e-06  6.01940664e+01  2.30347533e+09  -3.25323555e+09  1.00000000e-09
2.36600000e-06  6.00185422e+01  2.28842594e+09  -3.24405686e+09  1.00000000e-09
2.36700000e-06  5.98462731e+01  2.27321367e+09  -3.23465166e+09  1.00000000e-09
2.36800000e-06  5.96772486e+01  2.25784600e+09  -3.22502415e+09  1.00000000e-09
2.36900000e-06  5.95114519e+01  2.24233013e+09  -3.21517860e+09  1.00000000e-09
2.37000000e-06  5.93488603e+01  2.22667367e+09  -3.20511946e+09  1.00000000e-09
2.37100000e-06  5.91894467e+01  2.21088452e+09  -3.19485131e+09  1.00000000e-09
2.37200000e-06  5.90331803e+01  2.19497081e+09  -3.18437886e+09  1.00000000e-09
2.37300000e-06  5.88800278e+01  2.17959786e+09  -3.17370689e+09  1.00000000e-09
2.37400000e-06  5.87299543e+01  2.17469154e+09  -3.16284025e+09  1.00000000e-09
2.37500000e-06  5.85829268e+01  2.16959014e+09  -3.15178384e+09  1.00000000e-09
2.37600000e-06  5.84389212e+01  2.16429790e+09  -3.14054321e+09  1.00000000e-09
2.37700000e-06  5.82979217e+01  2.15881925e+09  -3.12912404e+09  1.00000000e-09
2.37800000e-06  5.81599206e+01  2.15315881e+09  -3.11753202e+09  1.00000000e-09
2.37900000e-06  5.80249193e+01  2.14732132e+09  -3.10577275e+09  1.00000000e-09
2.38000000e-06  5.78929274e+01  2.14131164e+09  -3.09385178e+09  1.00000000e-09
2.38100000e-06  5.77639627e+01  2.13513475e+09  -3.08177454e+09  1.00000000e-09
2.38200000e-06  5.76380496e+01  2.12879569e+09  -3.06954633e+09  1.00000000e-09
2.38300000e-06  5.75152193e+01  2.12229954e+09  -3.05717234e+09  1.00000000e-09
2.38400000e-06  5.73955084e+01  2.11565137e+09  -3.04465760e+09  1.00000000e-09
2.38500000e-06  5.72789583e+01  2.10885621e+09  -3.03200695e+09  1.00000000e-09
2.38600000e-06  5.71656144e+01  2.10191899e+09  -3.01922508e+09  1.00000000e-09
2.38700000e-06  5.70555256e+01  2.09484454e+09  -3.00631652e+09  1.00000000e-09
2.38800000e-06  5.69487429e+01  2.08763753e+09  -2.99328557e+09  1.00000000e-09
2.38900000e-06  5.68453195e+01  2.08030245e+09  -2.98013638e+09  1.00000000e-09
2.39000000e-06  5.67453093e+01  2.07284357e+09  -2.96687291e+09  1.00000000e-09
2.39100000e-06  5.66487669e+01  2.06526508e+09  -2.95349892e+09  1.00000000e-09
2.39200000e-06  5.65557467e+01  2.05757104e+09  -2.94001801e+09  1.00000000e-09
2.39300000e-06  5.64663026e+01  2.04976542e+09  -2.92643358e+09  1.00000000e-09
2.39400000e-06  5.63804874e+01  2.04185205e+09  -2.91274890e+09  1.00000000e-09
2.39500000e-06  5.62983526e+01  2.03383461e+09  -2.89896704e+09  1.00000000e-09
2.39600000e-06  5.62199482e+01  2.02571666e+09  -2.88509094e+09  1.00000000e-09
2.39700000e-06  5.61453222e+01  2.01750156e+09  -2.87112336e+09  1.00000000e-09
2.39800000e-06  5.60745208e+01  2.00919254e+09  -2.85706695e+09  1.00000000e-09
2.39900000e-06  5.60075882e+01  2.00079257e+09  -2.84292423e+09  1.00000000e-09
2.40000000e-06  5.59445666e+01  1.99230445e+09  -2.82869758e+09  1.00000000e-09
2.40100000e-06  5.58854962e+01  1.98373070e+09  -2.81438880e+09  1.00000000e-09
2.40200000e-06  5.58304147e+01  1.97507359e+09  -2.81580091e+09  1.00000000e-09
2.40300000e-06  5.57793583e+01  1.96633509e+09  -2.82145999e+09  1.00000000e-09
2.40400000e-06  5.57323608e+01  1.95751685e+09  -2.82691440e+09  1.00000000e-09
2.40500000e-06  5.56894543e+01  1.94862016e+09  -2.83216350e+09  1.00000000e-09
2.40600000e-06  5.56506690e+01  1.93964591e+09  -2.83720669e+09  1.00000000e-09
2.40700000e-06  5.56160337e+01  1.93059460e+09  -2.84204342e+09  1.00000000e-09
2.40800000e-06  5.55855756e+01  1.92146640e+09  -2.84667318e+09  1.00000000e-09
2.40900000e-06  5.55593205e+01  1.91226110e+09  -2.85109551e+09  1.00000000e-09
2.41000000e-06  5.55372932e+01  1.90297809e+09  -2.85531005e+09  1.00000000e-09
2.41100000e-06  5.55195173e+01  1.89361631e+09  -2.85931649e+09  1.00000000e-09
2.41200000e-06  5.55060156e+01  1.88417426e+09  -2.86311466e+09  1.00000000e-09
2.41300000e-06  5.54968099e+01  1.87464992e+09  -2.86670437e+09  1.00000000e-09
2.41400000e-06  5.54919186e+01  1.86504080e+09  -2.87008517e+09  1.00000000e-09
2.41500000e-06  5.54913556e+01  1.85534386e+09  -2.87325645e+09  1.00000000e-09
2.41600000e-06  5.54951317e+01  1.84555553e+09  -2.87621751e+09  1.00000000e-09
2.41700000e-06  5.55032555e+01  1.83567187e+09  -2.87896760e+09  1.00000000e-09
2.41800000e-06  5.55157331e+01  1.82568842e+09  -2.88150592e+09  1.00000000e-09
2.41900000e-06  5.55325686e+01  1.81560027e+09  -2.88383170e+09  1.00000000e-09
2.42000000e-06  5.55537642e+01  1.80540408e+09  -2.88594423e+09  1.00000000e-09
2.42100000e-06  5.55793210e+01  1.79510000e+09  -2.88784286e+09  1.00000000e-09
2.42200000e-06  5.56095509e+01  1.78468808e+09  -2.88952711e+09  1.00000000e-09
2.42300000e-06  5.56449273e+01  1.77417450e+09  -2.89099661e+09  1.00000000e-09
2.42400000e-06  5.56853796e+01  1.76356396e+09  -2.89225123e+09  1.00000000e-09
2.42500000e-06  5.57308371e+01  1.75285965e+09  -2.89329101e+09  1.00000000e-09
2.42600000e-06  5.57812276e+01  1.74206320e+09  -2.89411627e+09  1.00000000e-09
2.42700000e-06  5.58364781e+01  1.73117467e+09  -2.89472757e+09  1.00000000e-09
2.42800000e-06  5.58965160e+01  1.72019247e+09  -2.89512573e+09  1.00000000e-09
2.42900000e-06  5.59612694e+01  1.70911342e+09  -2.89531188e+09  1.00000000e-09
2.43000000e-06  5.60306681e+01  1.69792329e+09  -2.89528744e+09  1.00000000e-09
2.43100000e-06  5.61049103e+01  1.68660554e+09  -2.89505412e+09  1.00000000e-09
2.43200000e-06  5.61841372e+01  1.67514235e+09  -2.89461391e+09  1.00000000e-09
2.43300000e-06  5.62682419e+01  1.66351481e+09  -2.89396912e+09  1.00000000e-09
2.43400000e-06  5.63571206e+01  1.65170307e+09  -2.89312232e+09  1.00000000e-09
2.43500000e-06  5.64506727e+01  1.63968652e+09  -2.89207639e+09  1.00000000e-09
2.43600000e-06  5.65488013e+01  1.62744403e+09  -2.89083442e+09  1.00000000e-09
2.43700000e-06  5.66514138e+01  1.61495415e+09  -2.88939979e+09  1.00000000e-09
2.43800000e-06  5.67584214e+01  1.60219533e+09  -2.88777609e+09  1.00000000e-09
2.43900000e-06  5.68697400e+01  1.58914617e+09  -2.88596716e+09  1.00000000e-09
2.44000000e-06  5.69852892e+01  1.57578561e+09  -2.88397688e+09  1.00000000e-09
2.44100000e-06  5.71049926e+01  1.56209352e+09  -2.88180929e+09  1.00000000e-09
2.44200000e-06  5.72287766e+01  1.54805064e+09  -2.87946865e+09  1.00000000e-09
2.44300000e-06  5.73565706e+01  1.53363873e+09  -2.87695946e+09  1.00000000e-09
2.44400000e-06  5.74883066e+01  1.51884087e+09  -2.87428640e+09  1.00000000e-09
2.44500000e-06  5.76239192e+01  1.50364157e+09  -2.87669636e+09  1.00000000e-09
2.44600000e-06  5.77633454e+01  1.48802700e+09  -2.87944610e+09  1.00000000e-09
2.44700000e-06  5.79065242e+01  1.47198518e+09  -2.88200034e+09  1.00000000e-09
2.44800000e-06  5.80533966e+01  1.45550567e+09  -2.88434430e+09  1.00000000e-09
2.44900000e-06  5.82039052e+01  1.43857642e+09  -2.88646263e+09  1.00000000e-09
2.45000000e-06  5.83579943e+01  1.42118780e+09  -2.88833968e+09  1.00000000e-09
2.45100000e-06  5.85156093e+01  1.40333283e+09  -2.88995980e+09  1.00000000e-09
2.45200000e-06  5.86766970e+01  1.38500728e+09  -2.89130760e+09  1.00000000e-09
2.45300000e-06  5.88412050e+01  1.36620978e+09  -2.89236821e+09  1.00000000e-09
2.45400000e-06  5.90090818e+01  1.34694192e+09  -2.89312749e+09  1.00000000e-09
2.45500000e-06  5.91802768e+01  1.32720829e+09  -2.89357225e+09  1.00000000e-09
2.45600000e-06  5.93547397e+01  1.30701649e+09  -2.89594523e+09  1.00000000e-09
2.45700000e-06  5.95324212e+01  1.28637588e+09  -2.90292882e+09  1.00000000e-09
2.45800000e-06  5.97132723e+01  1.26529925e+09  -2.90930284e+09  1.00000000e-09
2.45900000e-06  5.98972453e+01  1.24380223e+09  -2.91501589e+09  1.00000000e-09
2.46000000e-06  6.00842932e+01  1.22190317e+09  -2.92002348e+09  1.00000000e-09
2.46100000e-06  6.02743700e+01  1.20795305e+09  -2.92428807e+09  1.00000000e-09
2.46200000e-06  6.04674315e+01  1.21036373e+09  -2.92777801e+09  1.00000000e-09
2.46300000e-06  6.06634348e+01  1.21251220e+09  -2.93046747e+09  1.00000000e-09
2.46400000e-06  6.08623387e+01  1.21440272e+09  -2.93233750e+09  1.00000000e-09
2.46500000e-06  6.10641030e+01  1.21604016e+09  -2.93337590e+09  1.00000000e-09
2.46600000e-06  6.12686895e+01  1.22074540e+09  -2.93357693e+09  1.00000000e-09
2.46700000e-06  6.14760610e+01  1.22514952e+09  -2.93294100e+09  1.00000000e-09
2.46800000e-06  6.16861822e+01  1.22920828e+09  -2.93147435e+09  1.00000000e-09
2.46900000e-06  6.18990186e+01  1.23290816e+09  -2.92918860e+09  1.00000000e-09
2.47000000e-06  6.21145373e+01  1.23623616e+09  -2.92610036e+09  1.00000000e-09
2.47100000e-06  6.23327065e+01  1.23917999e+09  -2.92223077e+09  1.00000000e-09
2.47200000e-06  6.25534954e+01  1.24172831e+09  -2.91760501e+09  1.00000000e-09
2.47300000e-06  6.27768739e+01  1.24387142e+09  -2.91225182e+09  1.00000000e-09
2.47400000e-06  6.30028130e+01  1.24560122e+09  -2.90620298e+09  1.00000000e-09
2.47500000e-06  6.32312840e+01  1.24691122e+09  -2.89949350e+09  1.00000000e-09
2.47600000e-06  6.34622587e+01  1.24779674e+09  -2.89216466e+09  1.00000000e-09
2.47700000e-06  6.36957092e+01  1.24825509e+09  -2.88425944e+09  1.00000000e-09
2.47800000e-06  6.39316076e+01  1.24828571e+09  -2.87582119e+09  1.00000000e-09
2.47900000e-06  6.41699260e+01  1.24789055e+09  -2.86689326e+09  1.00000000e-09
2.48000000e-06  6.44106362e+01  1.24707433e+09  -2.85751852e+09  1.00000000e-09
2.48100000e-06  6.46537095e+01  1.24584513e+09  -2.84773904e+09  1.00000000e-09
2.48200000e-06  6.48991169e+01  1.24420582e+09  -2.83759571e+09  1.00000000e-09
2.48300000e-06  6.51468286e+01  1.24216297e+09  -2.82712803e+09  1.00000000e-09
2.48400000e-06  6.53968138e+01  1.23972625e+09  -2.81637302e+09  1.00000000e-09
2.48500000e-06  6.56490413e+01  1.23690839e+09  -2.80536590e+09  1.00000000e-09
2.48600000e-06  6.59034784e+01  1.23372511e+09  -2.79414002e+09  1.00000000e-09
2.48700000e-06  6.61600916e+01  1.23382505e+09  -2.78272663e+09  1.00000000e-09
2.48800000e-06  6.64188458e+01  1.23445980e+09  -2.77115491e+09  1.00000000e-09
2.48900000e-06  6.66797045e+01  1.23481544e+09  -2.75945182e+09  1.00000000e-09
2.49000000e-06  6.69426298e+01  1.23488845e+09  -2.74764209e+09  1.00000000e-09
2.49100000e-06  6.72075756e+01  1.23467410e+09  -2.73574877e+09  1.00000000e-09
2.49200000e-06  6.74744923e+01  1.23416787e+09  -2.72379419e+09  1.00000000e-09
2.49300000e-06  6.77433308e+01  1.23336558e+09  -2.71179856e+09  1.00000000e-09
2.49400000e-06  6.80140418e+01  1.23226348e+09  -2.69977974e+09  1.00000000e-09
2.49500000e-06  6.82865761e+01  1.23085836e+09  -2.68775286e+09  1.00000000e-09
2.49600000e-06  6.85608849e+01  1.22914767e+09  -2.67573123e+09  1.00000000e-09
2.49700000e-06  6.88369199e+01  1.22712905e+09  -2.66372634e+09  1.00000000e-09
2.49800000e-06  6.91146335e+01  1.22480063e+09  -2.65174804e+09  1.00000000e-09
2.49900000e-06  6.93939791e+01  1.22216145e+09  -2.63980459e+09  1.00000000e-09
2.50000000e-06  6.96749109e+01  1.21920931e+09  -2.62790283e+09  1.00000000e-09
